"File","Phase","Match","Status"
"data\derived\b50_12\b50_12_frozen_input_audit.csv","FROZEN_DERIVED_DATA","D:\hpc_project\","ALLOWED_FROZEN_PROVENANCE_PATH_BYTES_PRESERVED"
"data\derived\b50_12\b50_12_offset_input_plan.csv","FROZEN_DERIVED_DATA","D:\hpc_project\","ALLOWED_FROZEN_PROVENANCE_PATH_BYTES_PRESERVED"
"data\derived\b50_7\b50_7_extraction_status.csv","FROZEN_DERIVED_DATA","d:\hpc_project\","ALLOWED_FROZEN_PROVENANCE_PATH_BYTES_PRESERVED"
"data\derived\b50_8\b50_8_multi_offset_plan.csv","FROZEN_DERIVED_DATA","d:\hpc_project\","ALLOWED_FROZEN_PROVENANCE_PATH_BYTES_PRESERVED"
"data\derived\b50_8\offset_p025\b50_7_extraction_status.csv","FROZEN_DERIVED_DATA","d:\hpc_project\","ALLOWED_FROZEN_PROVENANCE_PATH_BYTES_PRESERVED"
"data\derived\b50_8\offset_p050\b50_7_extraction_status.csv","FROZEN_DERIVED_DATA","d:\hpc_project\","ALLOWED_FROZEN_PROVENANCE_PATH_BYTES_PRESERVED"
"data\derived\b50_8\offset_p100\b50_7_extraction_status.csv","FROZEN_DERIVED_DATA","d:\hpc_project\","ALLOWED_FROZEN_PROVENANCE_PATH_BYTES_PRESERVED"
"data\derived\b50_8\offset_p125\b50_7_extraction_status.csv","FROZEN_DERIVED_DATA","d:\hpc_project\","ALLOWED_FROZEN_PROVENANCE_PATH_BYTES_PRESERVED"
"data\derived\b50_9\b50_9_independent_source_inventory.csv","FROZEN_DERIVED_DATA","d:\primes_output\","ALLOWED_FROZEN_PROVENANCE_PATH_BYTES_PRESERVED"
"data\derived\b50_9\b50_9_prior_exposure_windows.csv","FROZEN_DERIVED_DATA","d:\hpc_project\","ALLOWED_FROZEN_PROVENANCE_PATH_BYTES_PRESERVED"
