"Field","Class","Present","Status"
"author_given_names","REQUIRED_FINAL_FREEZE","True","PASS"
"author_family_name","REQUIRED_FINAL_FREEZE","True","PASS"
"funding_statement","REQUIRED_FINAL_FREEZE","True","PASS"
"competing_interests_statement","REQUIRED_FINAL_FREEZE","True","PASS"
"affiliation","OPTIONAL_IDENTITY_METADATA","False","OPTIONAL_NOT_SET"
"orcid","OPTIONAL_IDENTITY_METADATA","True","PRESENT"
"corresponding_email","OPTIONAL_IDENTITY_METADATA","True","PRESENT"
"repository_url","POST_PUBLICATION_IDENTIFIER","True","PRESENT"
"zenodo_url","POST_PUBLICATION_IDENTIFIER","True","PRESENT"
"zenodo_doi","POST_PUBLICATION_IDENTIFIER","True","PRESENT"
"license_policy","REPOSITORY_POLICY","True","MIT_CODE_PLUS_CC_BY_4_0_NONCODE"
