"FileName","SourceLogicalPath","DestinationRelativePath","Bytes","SHA256","CopyVerified","PublicClassification"
"pub001_extract_b50_operator_contract.py","scripts/pub001_extract_b50_operator_contract.py","code/pub001_extract_b50_operator_contract.py","8260","e4bd54666ea2ce64b68077439b2f1968a66a8d8e0b98e1e5d1d192db44b8757c","True","B50_PUBLIC_SOURCE"
"pub003_build_publication_assets.py","scripts/pub003_build_publication_assets.py","code/pub003_build_publication_assets.py","33869","68082ef321ec2b3a2b00a6c829c3abf17f26fcf13734aca6110f2603b957e80a","True","B50_PUBLIC_SOURCE"
"pub003_patch_manuscript.py","scripts/pub003_patch_manuscript.py","code/pub003_patch_manuscript.py","9478","f8c7622fcd2fe9c35c0af5d2976b11da2c5289b4a446f0fb0a29ca30c77c89f8","True","B50_PUBLIC_SOURCE"
"PUB003_RUN.ps1","scripts/PUB003_RUN.ps1","code/PUB003_RUN.ps1","1296","bfd0687b16a55c870d231bfb728a4137148495eccde3e5c95d07d61f3a2a346e","True","PUBLICATION_WRAPPER_PORTABLE_DERIVATIVE"
"tdc_tor_a_b50_1_state_geometry_adequacy_audit.py","scripts/tdc_tor_a_b50_1_state_geometry_adequacy_audit.py","code/tdc_tor_a_b50_1_state_geometry_adequacy_audit.py","42709","57d2d81feaffd53acc1b7a931e41c0cce75df416666189ef15e65cd26bff248d","True","B50_PUBLIC_SOURCE_PATH_SANITIZED"
"tdc_tor_a_b50_10_conditional_transition_geometry_mechanism_audit.py","scripts/tdc_tor_a_b50_10_conditional_transition_geometry_mechanism_audit.py","code/tdc_tor_a_b50_10_conditional_transition_geometry_mechanism_audit.py","67038","87798ce49e3eee2bfc587bcabb0b247ad7c1c276955a8c7eb3866fcc464c037b","True","B50_PUBLIC_SOURCE"
"tdc_tor_a_b50_11_channel_redundancy_interaction_audit.py","scripts/tdc_tor_a_b50_11_channel_redundancy_interaction_audit.py","code/tdc_tor_a_b50_11_channel_redundancy_interaction_audit.py","63554","3c5fb1ab116b9baad0f715bc1031ef5c058093853b68fbfbac98759f8adbda26","True","B50_PUBLIC_SOURCE"
"tdc_tor_a_b50_12_frozen_pair_core_cross_offset_replication.py","scripts/tdc_tor_a_b50_12_frozen_pair_core_cross_offset_replication.py","code/tdc_tor_a_b50_12_frozen_pair_core_cross_offset_replication.py","63008","ca68f687dbbf4b8c9fdf952be1238d316ff14f551cf4e1bd0c3a16141cff6fbf","True","B50_PUBLIC_SOURCE"
"tdc_tor_a_b50_12_frozen_pair_core_cross_offset_replication_FIXED.py","scripts/tdc_tor_a_b50_12_frozen_pair_core_cross_offset_replication_FIXED.py","code/tdc_tor_a_b50_12_frozen_pair_core_cross_offset_replication_FIXED.py","63008","ca68f687dbbf4b8c9fdf952be1238d316ff14f551cf4e1bd0c3a16141cff6fbf","True","B50_PUBLIC_SOURCE"
"tdc_tor_a_b50_2_state_dimensionality_embedding_adequacy.py","scripts/tdc_tor_a_b50_2_state_dimensionality_embedding_adequacy.py","code/tdc_tor_a_b50_2_state_dimensionality_embedding_adequacy.py","25834","b2c6599bd529565cbc638753768bac6dd317b961fc647b43a13a45320ce69a55","True","B50_PUBLIC_SOURCE"
"tdc_tor_a_b50_3_high_dimensional_topology_stable_regime_audit.py","scripts/tdc_tor_a_b50_3_high_dimensional_topology_stable_regime_audit.py","code/tdc_tor_a_b50_3_high_dimensional_topology_stable_regime_audit.py","24446","20e7595689918cfda82d800ffa664c43d8e8dbc5b517e31f0ea6044ba39c3d39","True","B50_PUBLIC_SOURCE"
"tdc_tor_a_b50_4_continuous_state_geometry_slow_mode_dynamics_audit.py","scripts/tdc_tor_a_b50_4_continuous_state_geometry_slow_mode_dynamics_audit.py","code/tdc_tor_a_b50_4_continuous_state_geometry_slow_mode_dynamics_audit.py","26328","24da4d88d999802764976b92c06bc4432bce3b1f965d80df05d2843d7c3b99c6","True","B50_PUBLIC_SOURCE"
"tdc_tor_a_b50_5_continuous_front_null_prospective_validation.py","scripts/tdc_tor_a_b50_5_continuous_front_null_prospective_validation.py","code/tdc_tor_a_b50_5_continuous_front_null_prospective_validation.py","34116","e240341affb4cc3f80b9cd5e50fe96fd4cd64b64ab1f4df53695c313ce5b0767","True","B50_PUBLIC_SOURCE"
"tdc_tor_a_b50_5_continuous_front_null_prospective_validation_FIXED.py","scripts/tdc_tor_a_b50_5_continuous_front_null_prospective_validation_FIXED.py","code/tdc_tor_a_b50_5_continuous_front_null_prospective_validation_FIXED.py","35123","864dce3812b019808d20beea0fb9ea2971f4813c52b439ccbabb553a211e6f95","True","B50_PUBLIC_SOURCE"
"tdc_tor_a_b50_6_physical_adjacency_specificity_replication.py","scripts/tdc_tor_a_b50_6_physical_adjacency_specificity_replication.py","code/tdc_tor_a_b50_6_physical_adjacency_specificity_replication.py","27875","f58fce256223412bf47d944173ab4828f3ff809c8ba6cdc84ca090db36e7d0eb","True","B50_PUBLIC_SOURCE"
"tdc_tor_a_b50_7_external_offset_window_adjacency_replication.py","scripts/tdc_tor_a_b50_7_external_offset_window_adjacency_replication.py","code/tdc_tor_a_b50_7_external_offset_window_adjacency_replication.py","62087","4103466a15e0d1255b7c80b8633edac4a3be419ce8c55267d136073ab29ab2f7","True","B50_PUBLIC_SOURCE"
"tdc_tor_a_b50_8_multi_offset_phase_robustness_effect_invariance_audit.py","scripts/tdc_tor_a_b50_8_multi_offset_phase_robustness_effect_invariance_audit.py","code/tdc_tor_a_b50_8_multi_offset_phase_robustness_effect_invariance_audit.py","37062","89f41acb5007fc30c89d5c30478e2bd9f64c634324ba331ce4ca6ef2ced33f2b","True","B50_PUBLIC_SOURCE"
"tdc_tor_a_b50_9_independent_corpus_replication.py","scripts/tdc_tor_a_b50_9_independent_corpus_replication.py","code/tdc_tor_a_b50_9_independent_corpus_replication.py","62888","ca9e7557879078392f731cb5b6c0ef0805e2d1ffd735ce1ca1ed8c6acdce2e7f","True","B50_PUBLIC_SOURCE"
"tdc_tor_a_b50_predictive_jump_forecasting.py","scripts/tdc_tor_a_b50_predictive_jump_forecasting.py","code/tdc_tor_a_b50_predictive_jump_forecasting.py","28790","655d0e27e9d5e6373e9815b52bb49aa470a7d2ba5815a1590b68984fc354285d","True","B50_PUBLIC_SOURCE"
