transition_index,from_range_b50_6,from_range_state,to_range_b50_6,to_range_state,mapping_exact
1,range_000151-000350,range_000151-000350,range_000301-000500,range_000301-000500,True
2,range_000301-000500,range_000301-000500,range_000451-000650,range_000451-000650,True
3,range_000451-000650,range_000451-000650,range_000601-000800,range_000601-000800,True
4,range_000601-000800,range_000601-000800,range_000751-000950,range_000751-000950,True
5,range_000751-000950,range_000751-000950,range_000901-001100,range_000901-001100,True
6,range_000901-001100,range_000901-001100,range_001051-001250,range_001051-001250,True
7,range_001051-001250,range_001051-001250,range_001201-001400,range_001201-001400,True
8,range_001201-001400,range_001201-001400,range_001351-001550,range_001351-001550,True
9,range_001351-001550,range_001351-001550,range_001501-001700,range_001501-001700,True
10,range_001501-001700,range_001501-001700,range_001651-001850,range_001651-001850,True
11,range_001651-001850,range_001651-001850,range_001801-002000,range_001801-002000,True
12,range_001801-002000,range_001801-002000,range_001951-002150,range_001951-002150,True
13,range_001951-002150,range_001951-002150,range_002101-002300,range_002101-002300,True
14,range_002101-002300,range_002101-002300,range_002251-002450,range_002251-002450,True
15,range_002251-002450,range_002251-002450,range_002401-002600,range_002401-002600,True
16,range_002401-002600,range_002401-002600,range_002551-002750,range_002551-002750,True
17,range_002551-002750,range_002551-002750,range_002701-002900,range_002701-002900,True
18,range_002701-002900,range_002701-002900,range_002851-003050,range_002851-003050,True
19,range_002851-003050,range_002851-003050,range_003001-003200,range_003001-003200,True
20,range_003001-003200,range_003001-003200,range_003151-003350,range_003151-003350,True
21,range_003151-003350,range_003151-003350,range_003301-003500,range_003301-003500,True
22,range_003301-003500,range_003301-003500,range_003451-003650,range_003451-003650,True
23,range_003451-003650,range_003451-003650,range_003601-003800,range_003601-003800,True
24,range_003601-003800,range_003601-003800,range_003751-003950,range_003751-003950,True
25,range_003751-003950,range_003751-003950,range_003901-004100,range_003901-004100,True
26,range_003901-004100,range_003901-004100,range_004051-004250,range_004051-004250,True
27,range_004051-004250,range_004051-004250,range_004201-004400,range_004201-004400,True
28,range_004201-004400,range_004201-004400,range_004351-004550,range_004351-004550,True
29,range_004351-004550,range_004351-004550,range_004501-004700,range_004501-004700,True
30,range_004501-004700,range_004501-004700,range_004651-004850,range_004651-004850,True
31,range_004651-004850,range_004651-004850,range_004801-005000,range_004801-005000,True
32,range_004801-005000,range_004801-005000,range_004951-005150,range_004951-005150,True
33,range_004951-005150,range_004951-005150,range_005101-005300,range_005101-005300,True
34,range_005101-005300,range_005101-005300,range_005251-005450,range_005251-005450,True
35,range_005251-005450,range_005251-005450,range_005401-005600,range_005401-005600,True
36,range_005401-005600,range_005401-005600,range_005551-005750,range_005551-005750,True
37,range_005551-005750,range_005551-005750,range_005701-005900,range_005701-005900,True
38,range_005701-005900,range_005701-005900,range_005851-006050,range_005851-006050,True
39,range_005851-006050,range_005851-006050,range_006001-006200,range_006001-006200,True
40,range_006001-006200,range_006001-006200,range_006151-006350,range_006151-006350,True
41,range_006151-006350,range_006151-006350,range_006301-006500,range_006301-006500,True
42,range_006301-006500,range_006301-006500,range_006451-006650,range_006451-006650,True
43,range_006451-006650,range_006451-006650,range_006601-006800,range_006601-006800,True
44,range_006601-006800,range_006601-006800,range_006751-006950,range_006751-006950,True
45,range_006751-006950,range_006751-006950,range_006901-007100,range_006901-007100,True
46,range_006901-007100,range_006901-007100,range_007051-007250,range_007051-007250,True
47,range_007051-007250,range_007051-007250,range_007201-007400,range_007201-007400,True
48,range_007201-007400,range_007201-007400,range_007351-007550,range_007351-007550,True
49,range_007351-007550,range_007351-007550,range_007501-007700,range_007501-007700,True
50,range_007501-007700,range_007501-007700,range_007651-007850,range_007651-007850,True
51,range_007651-007850,range_007651-007850,range_007801-008000,range_007801-008000,True
52,range_007801-008000,range_007801-008000,range_007951-008150,range_007951-008150,True
53,range_007951-008150,range_007951-008150,range_008101-008300,range_008101-008300,True
54,range_008101-008300,range_008101-008300,range_008251-008450,range_008251-008450,True
55,range_008251-008450,range_008251-008450,range_008401-008600,range_008401-008600,True
56,range_008401-008600,range_008401-008600,range_008551-008750,range_008551-008750,True
57,range_008551-008750,range_008551-008750,range_008701-008900,range_008701-008900,True
58,range_008701-008900,range_008701-008900,range_008851-009050,range_008851-009050,True
59,range_008851-009050,range_008851-009050,range_009001-009200,range_009001-009200,True
60,range_009001-009200,range_009001-009200,range_009151-009350,range_009151-009350,True
61,range_009151-009350,range_009151-009350,range_009301-009500,range_009301-009500,True
62,range_009301-009500,range_009301-009500,range_009451-009650,range_009451-009650,True
63,range_009451-009650,range_009451-009650,range_009601-009800,range_009601-009800,True
64,range_009601-009800,range_009601-009800,range_009751-009950,range_009751-009950,True
65,range_009751-009950,range_009751-009950,range_009901-010100,range_009901-010100,True
66,range_009901-010100,range_009901-010100,range_010051-010250,range_010051-010250,True
67,range_010051-010250,range_010051-010250,range_010201-010400,range_010201-010400,True
68,range_010201-010400,range_010201-010400,range_010351-010550,range_010351-010550,True
69,range_010351-010550,range_010351-010550,range_010501-010700,range_010501-010700,True
70,range_010501-010700,range_010501-010700,range_010651-010850,range_010651-010850,True
71,range_010651-010850,range_010651-010850,range_010801-011000,range_010801-011000,True
72,range_010801-011000,range_010801-011000,range_010951-011150,range_010951-011150,True
73,range_010951-011150,range_010951-011150,range_011101-011300,range_011101-011300,True
74,range_011101-011300,range_011101-011300,range_011251-011450,range_011251-011450,True
75,range_011251-011450,range_011251-011450,range_011401-011600,range_011401-011600,True
76,range_011401-011600,range_011401-011600,range_011551-011750,range_011551-011750,True
77,range_011551-011750,range_011551-011750,range_011701-011900,range_011701-011900,True
78,range_011701-011900,range_011701-011900,range_011851-012050,range_011851-012050,True
79,range_011851-012050,range_011851-012050,range_012001-012200,range_012001-012200,True
80,range_012001-012200,range_012001-012200,range_012151-012350,range_012151-012350,True
81,range_012151-012350,range_012151-012350,range_012301-012500,range_012301-012500,True
82,range_012301-012500,range_012301-012500,range_012451-012650,range_012451-012650,True
83,range_012451-012650,range_012451-012650,range_012601-012800,range_012601-012800,True
84,range_012601-012800,range_012601-012800,range_012751-012950,range_012751-012950,True
85,range_012751-012950,range_012751-012950,range_012901-013100,range_012901-013100,True
86,range_012901-013100,range_012901-013100,range_013051-013250,range_013051-013250,True
87,range_013051-013250,range_013051-013250,range_013201-013400,range_013201-013400,True
88,range_013201-013400,range_013201-013400,range_013351-013550,range_013351-013550,True
89,range_013351-013550,range_013351-013550,range_013501-013700,range_013501-013700,True
90,range_013501-013700,range_013501-013700,range_013651-013850,range_013651-013850,True
91,range_013651-013850,range_013651-013850,range_013801-014000,range_013801-014000,True
92,range_013801-014000,range_013801-014000,range_013951-014150,range_013951-014150,True
93,range_013951-014150,range_013951-014150,range_014101-014300,range_014101-014300,True
94,range_014101-014300,range_014101-014300,range_014251-014450,range_014251-014450,True
95,range_014251-014450,range_014251-014450,range_014401-014600,range_014401-014600,True
96,range_014401-014600,range_014401-014600,range_014551-014750,range_014551-014750,True
97,range_014551-014750,range_014551-014750,range_014701-014900,range_014701-014900,True
98,range_014701-014900,range_014701-014900,range_014851-015050,range_014851-015050,True
99,range_014851-015050,range_014851-015050,range_015001-015200,range_015001-015200,True
100,range_015001-015200,range_015001-015200,range_015151-015350,range_015151-015350,True
101,range_015151-015350,range_015151-015350,range_015301-015500,range_015301-015500,True
102,range_015301-015500,range_015301-015500,range_015451-015650,range_015451-015650,True
103,range_015451-015650,range_015451-015650,range_015601-015800,range_015601-015800,True
104,range_015601-015800,range_015601-015800,range_015751-015950,range_015751-015950,True
105,range_015751-015950,range_015751-015950,range_015901-016100,range_015901-016100,True
106,range_015901-016100,range_015901-016100,range_016051-016250,range_016051-016250,True
107,range_016051-016250,range_016051-016250,range_016201-016400,range_016201-016400,True
108,range_016201-016400,range_016201-016400,range_016351-016550,range_016351-016550,True
109,range_016351-016550,range_016351-016550,range_016501-016700,range_016501-016700,True
110,range_016501-016700,range_016501-016700,range_016651-016850,range_016651-016850,True
111,range_016651-016850,range_016651-016850,range_016801-017000,range_016801-017000,True
112,range_016801-017000,range_016801-017000,range_016951-017150,range_016951-017150,True
113,range_016951-017150,range_016951-017150,range_017101-017300,range_017101-017300,True
114,range_017101-017300,range_017101-017300,range_017251-017450,range_017251-017450,True
115,range_017251-017450,range_017251-017450,range_017401-017600,range_017401-017600,True
116,range_017401-017600,range_017401-017600,range_017551-017750,range_017551-017750,True
117,range_017551-017750,range_017551-017750,range_017701-017900,range_017701-017900,True
118,range_017701-017900,range_017701-017900,range_017851-018050,range_017851-018050,True
119,range_017851-018050,range_017851-018050,range_018001-018200,range_018001-018200,True
120,range_018001-018200,range_018001-018200,range_018151-018350,range_018151-018350,True
121,range_018151-018350,range_018151-018350,range_018301-018500,range_018301-018500,True
122,range_018301-018500,range_018301-018500,range_018451-018650,range_018451-018650,True
123,range_018451-018650,range_018451-018650,range_018601-018800,range_018601-018800,True
124,range_018601-018800,range_018601-018800,range_018751-018950,range_018751-018950,True
125,range_018751-018950,range_018751-018950,range_018901-019100,range_018901-019100,True
126,range_018901-019100,range_018901-019100,range_019051-019250,range_019051-019250,True
127,range_019051-019250,range_019051-019250,range_019201-019400,range_019201-019400,True
128,range_019201-019400,range_019201-019400,range_019351-019550,range_019351-019550,True
129,range_019351-019550,range_019351-019550,range_019501-019700,range_019501-019700,True
130,range_019501-019700,range_019501-019700,range_019651-019850,range_019651-019850,True
131,range_019651-019850,range_019651-019850,range_019801-020000,range_019801-020000,True
132,range_019801-020000,range_019801-020000,range_019951-020150,range_019951-020150,True
133,range_019951-020150,range_019951-020150,range_020101-020300,range_020101-020300,True
134,range_020101-020300,range_020101-020300,range_020251-020450,range_020251-020450,True
135,range_020251-020450,range_020251-020450,range_020401-020600,range_020401-020600,True
136,range_020401-020600,range_020401-020600,range_020551-020750,range_020551-020750,True
137,range_020551-020750,range_020551-020750,range_020701-020900,range_020701-020900,True
138,range_020701-020900,range_020701-020900,range_020851-021050,range_020851-021050,True
139,range_020851-021050,range_020851-021050,range_021001-021200,range_021001-021200,True
140,range_021001-021200,range_021001-021200,range_021151-021350,range_021151-021350,True
141,range_021151-021350,range_021151-021350,range_021301-021500,range_021301-021500,True
142,range_021301-021500,range_021301-021500,range_021451-021650,range_021451-021650,True
143,range_021451-021650,range_021451-021650,range_021601-021800,range_021601-021800,True
144,range_021601-021800,range_021601-021800,range_021751-021950,range_021751-021950,True
145,range_021751-021950,range_021751-021950,range_021901-022100,range_021901-022100,True
146,range_021901-022100,range_021901-022100,range_022051-022250,range_022051-022250,True
147,range_022051-022250,range_022051-022250,range_022201-022400,range_022201-022400,True
148,range_022201-022400,range_022201-022400,range_022351-022550,range_022351-022550,True
149,range_022351-022550,range_022351-022550,range_022501-022700,range_022501-022700,True
150,range_022501-022700,range_022501-022700,range_022651-022850,range_022651-022850,True
151,range_022651-022850,range_022651-022850,range_022801-023000,range_022801-023000,True
152,range_022801-023000,range_022801-023000,range_022951-023150,range_022951-023150,True
153,range_022951-023150,range_022951-023150,range_023101-023300,range_023101-023300,True
154,range_023101-023300,range_023101-023300,range_023251-023450,range_023251-023450,True
155,range_023251-023450,range_023251-023450,range_023401-023600,range_023401-023600,True
156,range_023401-023600,range_023401-023600,range_023551-023750,range_023551-023750,True
157,range_023551-023750,range_023551-023750,range_023701-023900,range_023701-023900,True
158,range_023701-023900,range_023701-023900,range_023851-024050,range_023851-024050,True
159,range_023851-024050,range_023851-024050,range_024001-024200,range_024001-024200,True
160,range_024001-024200,range_024001-024200,range_024151-024350,range_024151-024350,True
161,range_024151-024350,range_024151-024350,range_024301-024500,range_024301-024500,True
162,range_024301-024500,range_024301-024500,range_024451-024650,range_024451-024650,True
163,range_024451-024650,range_024451-024650,range_024601-024800,range_024601-024800,True
164,range_024601-024800,range_024601-024800,range_024751-024950,range_024751-024950,True
165,range_024751-024950,range_024751-024950,range_024901-025100,range_024901-025100,True
166,range_024901-025100,range_024901-025100,range_025051-025250,range_025051-025250,True
167,range_025051-025250,range_025051-025250,range_025201-025400,range_025201-025400,True
168,range_025201-025400,range_025201-025400,range_025351-025550,range_025351-025550,True
169,range_025351-025550,range_025351-025550,range_025501-025700,range_025501-025700,True
170,range_025501-025700,range_025501-025700,range_025651-025850,range_025651-025850,True
171,range_025651-025850,range_025651-025850,range_025801-026000,range_025801-026000,True
172,range_025801-026000,range_025801-026000,range_025951-026150,range_025951-026150,True
173,range_025951-026150,range_025951-026150,range_026101-026300,range_026101-026300,True
174,range_026101-026300,range_026101-026300,range_026251-026450,range_026251-026450,True
175,range_026251-026450,range_026251-026450,range_026401-026600,range_026401-026600,True
176,range_026401-026600,range_026401-026600,range_026551-026750,range_026551-026750,True
177,range_026551-026750,range_026551-026750,range_026701-026900,range_026701-026900,True
178,range_026701-026900,range_026701-026900,range_026851-027050,range_026851-027050,True
179,range_026851-027050,range_026851-027050,range_027001-027200,range_027001-027200,True
180,range_027001-027200,range_027001-027200,range_027151-027350,range_027151-027350,True
181,range_027151-027350,range_027151-027350,range_027301-027500,range_027301-027500,True
182,range_027301-027500,range_027301-027500,range_027451-027650,range_027451-027650,True
183,range_027451-027650,range_027451-027650,range_027601-027800,range_027601-027800,True
184,range_027601-027800,range_027601-027800,range_027751-027950,range_027751-027950,True
185,range_027751-027950,range_027751-027950,range_027901-028100,range_027901-028100,True
186,range_027901-028100,range_027901-028100,range_028051-028250,range_028051-028250,True
187,range_028051-028250,range_028051-028250,range_028201-028400,range_028201-028400,True
188,range_028201-028400,range_028201-028400,range_028351-028550,range_028351-028550,True
189,range_028351-028550,range_028351-028550,range_028501-028700,range_028501-028700,True
190,range_028501-028700,range_028501-028700,range_028651-028850,range_028651-028850,True
191,range_028651-028850,range_028651-028850,range_028801-029000,range_028801-029000,True
192,range_028801-029000,range_028801-029000,range_028951-029150,range_028951-029150,True
193,range_028951-029150,range_028951-029150,range_029101-029300,range_029101-029300,True
194,range_029101-029300,range_029101-029300,range_029251-029450,range_029251-029450,True
195,range_029251-029450,range_029251-029450,range_029401-029600,range_029401-029600,True
196,range_029401-029600,range_029401-029600,range_029551-029750,range_029551-029750,True
197,range_029551-029750,range_029551-029750,range_029701-029900,range_029701-029900,True
198,range_029701-029900,range_029701-029900,range_029851-030050,range_029851-030050,True
199,range_029851-030050,range_029851-030050,range_030001-030200,range_030001-030200,True
200,range_030001-030200,range_030001-030200,range_030151-030350,range_030151-030350,True
201,range_030151-030350,range_030151-030350,range_030301-030500,range_030301-030500,True
202,range_030301-030500,range_030301-030500,range_030451-030650,range_030451-030650,True
203,range_030451-030650,range_030451-030650,range_030601-030800,range_030601-030800,True
204,range_030601-030800,range_030601-030800,range_030751-030950,range_030751-030950,True
205,range_030751-030950,range_030751-030950,range_030901-031100,range_030901-031100,True
206,range_030901-031100,range_030901-031100,range_031051-031250,range_031051-031250,True
207,range_031051-031250,range_031051-031250,range_031201-031400,range_031201-031400,True
208,range_031201-031400,range_031201-031400,range_031351-031550,range_031351-031550,True
209,range_031351-031550,range_031351-031550,range_031501-031700,range_031501-031700,True
210,range_031501-031700,range_031501-031700,range_031651-031850,range_031651-031850,True
211,range_031651-031850,range_031651-031850,range_031801-032000,range_031801-032000,True
212,range_031801-032000,range_031801-032000,range_031951-032150,range_031951-032150,True
213,range_031951-032150,range_031951-032150,range_032101-032300,range_032101-032300,True
214,range_032101-032300,range_032101-032300,range_032251-032450,range_032251-032450,True
215,range_032251-032450,range_032251-032450,range_032401-032600,range_032401-032600,True
216,range_032401-032600,range_032401-032600,range_032551-032750,range_032551-032750,True
217,range_032551-032750,range_032551-032750,range_032701-032900,range_032701-032900,True
218,range_032701-032900,range_032701-032900,range_032851-033050,range_032851-033050,True
219,range_032851-033050,range_032851-033050,range_033001-033200,range_033001-033200,True
220,range_033001-033200,range_033001-033200,range_033151-033350,range_033151-033350,True
221,range_033151-033350,range_033151-033350,range_033301-033500,range_033301-033500,True
222,range_033301-033500,range_033301-033500,range_033451-033650,range_033451-033650,True
223,range_033451-033650,range_033451-033650,range_033601-033800,range_033601-033800,True
224,range_033601-033800,range_033601-033800,range_033751-033950,range_033751-033950,True
225,range_033751-033950,range_033751-033950,range_033901-034100,range_033901-034100,True
226,range_033901-034100,range_033901-034100,range_034051-034250,range_034051-034250,True
227,range_034051-034250,range_034051-034250,range_034201-034400,range_034201-034400,True
228,range_034201-034400,range_034201-034400,range_034351-034550,range_034351-034550,True
229,range_034351-034550,range_034351-034550,range_034501-034700,range_034501-034700,True
230,range_034501-034700,range_034501-034700,range_034651-034850,range_034651-034850,True
231,range_034651-034850,range_034651-034850,range_034801-035000,range_034801-035000,True
232,range_034801-035000,range_034801-035000,range_034951-035150,range_034951-035150,True
233,range_034951-035150,range_034951-035150,range_035101-035300,range_035101-035300,True
234,range_035101-035300,range_035101-035300,range_035251-035450,range_035251-035450,True
235,range_035251-035450,range_035251-035450,range_035401-035600,range_035401-035600,True
236,range_035401-035600,range_035401-035600,range_035551-035750,range_035551-035750,True
237,range_035551-035750,range_035551-035750,range_035701-035900,range_035701-035900,True
238,range_035701-035900,range_035701-035900,range_035851-036050,range_035851-036050,True
239,range_035851-036050,range_035851-036050,range_036001-036200,range_036001-036200,True
240,range_036001-036200,range_036001-036200,range_036151-036350,range_036151-036350,True
241,range_036151-036350,range_036151-036350,range_036301-036500,range_036301-036500,True
242,range_036301-036500,range_036301-036500,range_036451-036650,range_036451-036650,True
243,range_036451-036650,range_036451-036650,range_036601-036800,range_036601-036800,True
244,range_036601-036800,range_036601-036800,range_036751-036950,range_036751-036950,True
245,range_036751-036950,range_036751-036950,range_036901-037100,range_036901-037100,True
246,range_036901-037100,range_036901-037100,range_037051-037250,range_037051-037250,True
247,range_037051-037250,range_037051-037250,range_037201-037400,range_037201-037400,True
248,range_037201-037400,range_037201-037400,range_037351-037550,range_037351-037550,True
249,range_037351-037550,range_037351-037550,range_037501-037700,range_037501-037700,True
250,range_037501-037700,range_037501-037700,range_037651-037850,range_037651-037850,True
251,range_037651-037850,range_037651-037850,range_037801-038000,range_037801-038000,True
252,range_037801-038000,range_037801-038000,range_037951-038150,range_037951-038150,True
253,range_037951-038150,range_037951-038150,range_038101-038300,range_038101-038300,True
254,range_038101-038300,range_038101-038300,range_038251-038450,range_038251-038450,True
255,range_038251-038450,range_038251-038450,range_038401-038600,range_038401-038600,True
256,range_038401-038600,range_038401-038600,range_038551-038750,range_038551-038750,True
257,range_038551-038750,range_038551-038750,range_038701-038900,range_038701-038900,True
258,range_038701-038900,range_038701-038900,range_038851-039050,range_038851-039050,True
259,range_038851-039050,range_038851-039050,range_039001-039200,range_039001-039200,True
260,range_039001-039200,range_039001-039200,range_039151-039350,range_039151-039350,True
261,range_039151-039350,range_039151-039350,range_039301-039500,range_039301-039500,True
262,range_039301-039500,range_039301-039500,range_039451-039650,range_039451-039650,True
263,range_039451-039650,range_039451-039650,range_039601-039800,range_039601-039800,True
264,range_039601-039800,range_039601-039800,range_039751-039950,range_039751-039950,True
265,range_039751-039950,range_039751-039950,range_039901-040100,range_039901-040100,True
266,range_039901-040100,range_039901-040100,range_040051-040250,range_040051-040250,True
267,range_040051-040250,range_040051-040250,range_040201-040400,range_040201-040400,True
268,range_040201-040400,range_040201-040400,range_040351-040550,range_040351-040550,True
269,range_040351-040550,range_040351-040550,range_040501-040700,range_040501-040700,True
270,range_040501-040700,range_040501-040700,range_040651-040850,range_040651-040850,True
271,range_040651-040850,range_040651-040850,range_040801-041000,range_040801-041000,True
272,range_040801-041000,range_040801-041000,range_040951-041150,range_040951-041150,True
273,range_040951-041150,range_040951-041150,range_041101-041300,range_041101-041300,True
274,range_041101-041300,range_041101-041300,range_041251-041450,range_041251-041450,True
275,range_041251-041450,range_041251-041450,range_041401-041600,range_041401-041600,True
276,range_041401-041600,range_041401-041600,range_041551-041750,range_041551-041750,True
277,range_041551-041750,range_041551-041750,range_041701-041900,range_041701-041900,True
278,range_041701-041900,range_041701-041900,range_041851-042050,range_041851-042050,True
279,range_041851-042050,range_041851-042050,range_042001-042200,range_042001-042200,True
280,range_042001-042200,range_042001-042200,range_042151-042350,range_042151-042350,True
281,range_042151-042350,range_042151-042350,range_042301-042500,range_042301-042500,True
282,range_042301-042500,range_042301-042500,range_042451-042650,range_042451-042650,True
283,range_042451-042650,range_042451-042650,range_042601-042800,range_042601-042800,True
284,range_042601-042800,range_042601-042800,range_042751-042950,range_042751-042950,True
285,range_042751-042950,range_042751-042950,range_042901-043100,range_042901-043100,True
286,range_042901-043100,range_042901-043100,range_043051-043250,range_043051-043250,True
287,range_043051-043250,range_043051-043250,range_043201-043400,range_043201-043400,True
288,range_043201-043400,range_043201-043400,range_043351-043550,range_043351-043550,True
289,range_043351-043550,range_043351-043550,range_043501-043700,range_043501-043700,True
290,range_043501-043700,range_043501-043700,range_043651-043850,range_043651-043850,True
291,range_043651-043850,range_043651-043850,range_043801-044000,range_043801-044000,True
292,range_043801-044000,range_043801-044000,range_043951-044150,range_043951-044150,True
293,range_043951-044150,range_043951-044150,range_044101-044300,range_044101-044300,True
294,range_044101-044300,range_044101-044300,range_044251-044450,range_044251-044450,True
295,range_044251-044450,range_044251-044450,range_044401-044600,range_044401-044600,True
296,range_044401-044600,range_044401-044600,range_044551-044750,range_044551-044750,True
297,range_044551-044750,range_044551-044750,range_044701-044900,range_044701-044900,True
298,range_044701-044900,range_044701-044900,range_044851-045050,range_044851-045050,True
299,range_044851-045050,range_044851-045050,range_045001-045200,range_045001-045200,True
300,range_045001-045200,range_045001-045200,range_045151-045350,range_045151-045350,True
301,range_045151-045350,range_045151-045350,range_045301-045500,range_045301-045500,True
302,range_045301-045500,range_045301-045500,range_045451-045650,range_045451-045650,True
303,range_045451-045650,range_045451-045650,range_045601-045800,range_045601-045800,True
304,range_045601-045800,range_045601-045800,range_045751-045950,range_045751-045950,True
305,range_045751-045950,range_045751-045950,range_045901-046100,range_045901-046100,True
306,range_045901-046100,range_045901-046100,range_046051-046250,range_046051-046250,True
307,range_046051-046250,range_046051-046250,range_046201-046400,range_046201-046400,True
308,range_046201-046400,range_046201-046400,range_046351-046550,range_046351-046550,True
309,range_046351-046550,range_046351-046550,range_046501-046700,range_046501-046700,True
310,range_046501-046700,range_046501-046700,range_046651-046850,range_046651-046850,True
311,range_046651-046850,range_046651-046850,range_046801-047000,range_046801-047000,True
312,range_046801-047000,range_046801-047000,range_046951-047150,range_046951-047150,True
313,range_046951-047150,range_046951-047150,range_047101-047300,range_047101-047300,True
314,range_047101-047300,range_047101-047300,range_047251-047450,range_047251-047450,True
315,range_047251-047450,range_047251-047450,range_047401-047600,range_047401-047600,True
316,range_047401-047600,range_047401-047600,range_047551-047750,range_047551-047750,True
317,range_047551-047750,range_047551-047750,range_047701-047900,range_047701-047900,True
318,range_047701-047900,range_047701-047900,range_047851-048050,range_047851-048050,True
319,range_047851-048050,range_047851-048050,range_048001-048200,range_048001-048200,True
320,range_048001-048200,range_048001-048200,range_048151-048350,range_048151-048350,True
321,range_048151-048350,range_048151-048350,range_048301-048500,range_048301-048500,True
322,range_048301-048500,range_048301-048500,range_048451-048650,range_048451-048650,True
323,range_048451-048650,range_048451-048650,range_048601-048800,range_048601-048800,True
324,range_048601-048800,range_048601-048800,range_048751-048950,range_048751-048950,True
325,range_048751-048950,range_048751-048950,range_048901-049100,range_048901-049100,True
326,range_048901-049100,range_048901-049100,range_049051-049250,range_049051-049250,True
327,range_049051-049250,range_049051-049250,range_049201-049400,range_049201-049400,True
328,range_049201-049400,range_049201-049400,range_049351-049550,range_049351-049550,True
329,range_049351-049550,range_049351-049550,range_049501-049700,range_049501-049700,True
330,range_049501-049700,range_049501-049700,range_049651-049850,range_049651-049850,True
331,range_049651-049850,range_049651-049850,range_049801-050000,range_049801-050000,True
332,range_049801-050000,range_049801-050000,range_049951-050150,range_049951-050150,True
333,range_049951-050150,range_049951-050150,range_050101-050300,range_050101-050300,True
334,range_050101-050300,range_050101-050300,range_050251-050450,range_050251-050450,True
335,range_050251-050450,range_050251-050450,range_050401-050600,range_050401-050600,True
336,range_050401-050600,range_050401-050600,range_050551-050750,range_050551-050750,True
337,range_050551-050750,range_050551-050750,range_050701-050900,range_050701-050900,True
338,range_050701-050900,range_050701-050900,range_050851-051050,range_050851-051050,True
339,range_050851-051050,range_050851-051050,range_051001-051200,range_051001-051200,True
340,range_051001-051200,range_051001-051200,range_051151-051350,range_051151-051350,True
341,range_051151-051350,range_051151-051350,range_051301-051500,range_051301-051500,True
342,range_051301-051500,range_051301-051500,range_051451-051650,range_051451-051650,True
343,range_051451-051650,range_051451-051650,range_051601-051800,range_051601-051800,True
344,range_051601-051800,range_051601-051800,range_051751-051950,range_051751-051950,True
345,range_051751-051950,range_051751-051950,range_051901-052100,range_051901-052100,True
346,range_051901-052100,range_051901-052100,range_052051-052250,range_052051-052250,True
347,range_052051-052250,range_052051-052250,range_052201-052400,range_052201-052400,True
348,range_052201-052400,range_052201-052400,range_052351-052550,range_052351-052550,True
349,range_052351-052550,range_052351-052550,range_052501-052700,range_052501-052700,True
350,range_052501-052700,range_052501-052700,range_052651-052850,range_052651-052850,True
351,range_052651-052850,range_052651-052850,range_052801-053000,range_052801-053000,True
352,range_052801-053000,range_052801-053000,range_052951-053150,range_052951-053150,True
353,range_052951-053150,range_052951-053150,range_053101-053300,range_053101-053300,True
354,range_053101-053300,range_053101-053300,range_053251-053450,range_053251-053450,True
355,range_053251-053450,range_053251-053450,range_053401-053600,range_053401-053600,True
356,range_053401-053600,range_053401-053600,range_053551-053750,range_053551-053750,True
357,range_053551-053750,range_053551-053750,range_053701-053900,range_053701-053900,True
358,range_053701-053900,range_053701-053900,range_053851-054050,range_053851-054050,True
359,range_053851-054050,range_053851-054050,range_054001-054200,range_054001-054200,True
360,range_054001-054200,range_054001-054200,range_054151-054350,range_054151-054350,True
361,range_054151-054350,range_054151-054350,range_054301-054500,range_054301-054500,True
362,range_054301-054500,range_054301-054500,range_054451-054650,range_054451-054650,True
363,range_054451-054650,range_054451-054650,range_054601-054800,range_054601-054800,True
364,range_054601-054800,range_054601-054800,range_054751-054950,range_054751-054950,True
365,range_054751-054950,range_054751-054950,range_054901-055100,range_054901-055100,True
366,range_054901-055100,range_054901-055100,range_055051-055250,range_055051-055250,True
367,range_055051-055250,range_055051-055250,range_055201-055400,range_055201-055400,True
368,range_055201-055400,range_055201-055400,range_055351-055550,range_055351-055550,True
369,range_055351-055550,range_055351-055550,range_055501-055700,range_055501-055700,True
370,range_055501-055700,range_055501-055700,range_055651-055850,range_055651-055850,True
371,range_055651-055850,range_055651-055850,range_055801-056000,range_055801-056000,True
372,range_055801-056000,range_055801-056000,range_055951-056150,range_055951-056150,True
373,range_055951-056150,range_055951-056150,range_056101-056300,range_056101-056300,True
374,range_056101-056300,range_056101-056300,range_056251-056450,range_056251-056450,True
375,range_056251-056450,range_056251-056450,range_056401-056600,range_056401-056600,True
376,range_056401-056600,range_056401-056600,range_056551-056750,range_056551-056750,True
377,range_056551-056750,range_056551-056750,range_056701-056900,range_056701-056900,True
378,range_056701-056900,range_056701-056900,range_056851-057050,range_056851-057050,True
379,range_056851-057050,range_056851-057050,range_057001-057200,range_057001-057200,True
380,range_057001-057200,range_057001-057200,range_057151-057350,range_057151-057350,True
381,range_057151-057350,range_057151-057350,range_057301-057500,range_057301-057500,True
382,range_057301-057500,range_057301-057500,range_057451-057650,range_057451-057650,True
383,range_057451-057650,range_057451-057650,range_057601-057800,range_057601-057800,True
384,range_057601-057800,range_057601-057800,range_057751-057950,range_057751-057950,True
385,range_057751-057950,range_057751-057950,range_057901-058100,range_057901-058100,True
386,range_057901-058100,range_057901-058100,range_058051-058250,range_058051-058250,True
387,range_058051-058250,range_058051-058250,range_058201-058400,range_058201-058400,True
388,range_058201-058400,range_058201-058400,range_058351-058550,range_058351-058550,True
389,range_058351-058550,range_058351-058550,range_058501-058700,range_058501-058700,True
390,range_058501-058700,range_058501-058700,range_058651-058850,range_058651-058850,True
391,range_058651-058850,range_058651-058850,range_058801-059000,range_058801-059000,True
392,range_058801-059000,range_058801-059000,range_058951-059150,range_058951-059150,True
393,range_058951-059150,range_058951-059150,range_059101-059300,range_059101-059300,True
394,range_059101-059300,range_059101-059300,range_059251-059450,range_059251-059450,True
395,range_059251-059450,range_059251-059450,range_059401-059600,range_059401-059600,True
396,range_059401-059600,range_059401-059600,range_059551-059750,range_059551-059750,True
397,range_059551-059750,range_059551-059750,range_059701-059900,range_059701-059900,True
398,range_059701-059900,range_059701-059900,range_059851-060050,range_059851-060050,True
399,range_059851-060050,range_059851-060050,range_060001-060200,range_060001-060200,True
400,range_060001-060200,range_060001-060200,range_060151-060350,range_060151-060350,True
401,range_060151-060350,range_060151-060350,range_060301-060500,range_060301-060500,True
402,range_060301-060500,range_060301-060500,range_060451-060650,range_060451-060650,True
403,range_060451-060650,range_060451-060650,range_060601-060800,range_060601-060800,True
404,range_060601-060800,range_060601-060800,range_060751-060950,range_060751-060950,True
405,range_060751-060950,range_060751-060950,range_060901-061100,range_060901-061100,True
406,range_060901-061100,range_060901-061100,range_061051-061250,range_061051-061250,True
407,range_061051-061250,range_061051-061250,range_061201-061400,range_061201-061400,True
408,range_061201-061400,range_061201-061400,range_061351-061550,range_061351-061550,True
409,range_061351-061550,range_061351-061550,range_061501-061700,range_061501-061700,True
410,range_061501-061700,range_061501-061700,range_061651-061850,range_061651-061850,True
411,range_061651-061850,range_061651-061850,range_061801-062000,range_061801-062000,True
412,range_061801-062000,range_061801-062000,range_061951-062150,range_061951-062150,True
413,range_061951-062150,range_061951-062150,range_062101-062300,range_062101-062300,True
414,range_062101-062300,range_062101-062300,range_062251-062450,range_062251-062450,True
415,range_062251-062450,range_062251-062450,range_062401-062600,range_062401-062600,True
416,range_062401-062600,range_062401-062600,range_062551-062750,range_062551-062750,True
417,range_062551-062750,range_062551-062750,range_062701-062900,range_062701-062900,True
418,range_062701-062900,range_062701-062900,range_062851-063050,range_062851-063050,True
419,range_062851-063050,range_062851-063050,range_063001-063200,range_063001-063200,True
420,range_063001-063200,range_063001-063200,range_063151-063350,range_063151-063350,True
421,range_063151-063350,range_063151-063350,range_063301-063500,range_063301-063500,True
422,range_063301-063500,range_063301-063500,range_063451-063650,range_063451-063650,True
423,range_063451-063650,range_063451-063650,range_063601-063800,range_063601-063800,True
424,range_063601-063800,range_063601-063800,range_063751-063950,range_063751-063950,True
425,range_063751-063950,range_063751-063950,range_063901-064100,range_063901-064100,True
426,range_063901-064100,range_063901-064100,range_064051-064250,range_064051-064250,True
427,range_064051-064250,range_064051-064250,range_064201-064400,range_064201-064400,True
428,range_064201-064400,range_064201-064400,range_064351-064550,range_064351-064550,True
429,range_064351-064550,range_064351-064550,range_064501-064700,range_064501-064700,True
430,range_064501-064700,range_064501-064700,range_064651-064850,range_064651-064850,True
431,range_064651-064850,range_064651-064850,range_064801-065000,range_064801-065000,True
432,range_064801-065000,range_064801-065000,range_064951-065150,range_064951-065150,True
433,range_064951-065150,range_064951-065150,range_065101-065300,range_065101-065300,True
434,range_065101-065300,range_065101-065300,range_065251-065450,range_065251-065450,True
435,range_065251-065450,range_065251-065450,range_065401-065600,range_065401-065600,True
436,range_065401-065600,range_065401-065600,range_065551-065750,range_065551-065750,True
437,range_065551-065750,range_065551-065750,range_065701-065900,range_065701-065900,True
438,range_065701-065900,range_065701-065900,range_065851-066050,range_065851-066050,True
439,range_065851-066050,range_065851-066050,range_066001-066200,range_066001-066200,True
440,range_066001-066200,range_066001-066200,range_066151-066350,range_066151-066350,True
441,range_066151-066350,range_066151-066350,range_066301-066500,range_066301-066500,True
442,range_066301-066500,range_066301-066500,range_066451-066650,range_066451-066650,True
443,range_066451-066650,range_066451-066650,range_066601-066800,range_066601-066800,True
444,range_066601-066800,range_066601-066800,range_066751-066950,range_066751-066950,True
445,range_066751-066950,range_066751-066950,range_066901-067100,range_066901-067100,True
446,range_066901-067100,range_066901-067100,range_067051-067250,range_067051-067250,True
447,range_067051-067250,range_067051-067250,range_067201-067400,range_067201-067400,True
448,range_067201-067400,range_067201-067400,range_067351-067550,range_067351-067550,True
449,range_067351-067550,range_067351-067550,range_067501-067700,range_067501-067700,True
450,range_067501-067700,range_067501-067700,range_067651-067850,range_067651-067850,True
451,range_067651-067850,range_067651-067850,range_067801-068000,range_067801-068000,True
452,range_067801-068000,range_067801-068000,range_067951-068150,range_067951-068150,True
453,range_067951-068150,range_067951-068150,range_068101-068300,range_068101-068300,True
454,range_068101-068300,range_068101-068300,range_068251-068450,range_068251-068450,True
455,range_068251-068450,range_068251-068450,range_068401-068600,range_068401-068600,True
456,range_068401-068600,range_068401-068600,range_068551-068750,range_068551-068750,True
457,range_068551-068750,range_068551-068750,range_068701-068900,range_068701-068900,True
458,range_068701-068900,range_068701-068900,range_068851-069050,range_068851-069050,True
459,range_068851-069050,range_068851-069050,range_069001-069200,range_069001-069200,True
460,range_069001-069200,range_069001-069200,range_069151-069350,range_069151-069350,True
461,range_069151-069350,range_069151-069350,range_069301-069500,range_069301-069500,True
462,range_069301-069500,range_069301-069500,range_069451-069650,range_069451-069650,True
463,range_069451-069650,range_069451-069650,range_069601-069800,range_069601-069800,True
464,range_069601-069800,range_069601-069800,range_069751-069950,range_069751-069950,True
465,range_069751-069950,range_069751-069950,range_069901-070100,range_069901-070100,True
466,range_069901-070100,range_069901-070100,range_070051-070250,range_070051-070250,True
467,range_070051-070250,range_070051-070250,range_070201-070400,range_070201-070400,True
468,range_070201-070400,range_070201-070400,range_070351-070550,range_070351-070550,True
469,range_070351-070550,range_070351-070550,range_070501-070700,range_070501-070700,True
470,range_070501-070700,range_070501-070700,range_070651-070850,range_070651-070850,True
471,range_070651-070850,range_070651-070850,range_070801-071000,range_070801-071000,True
472,range_070801-071000,range_070801-071000,range_070951-071150,range_070951-071150,True
473,range_070951-071150,range_070951-071150,range_071101-071300,range_071101-071300,True
474,range_071101-071300,range_071101-071300,range_071251-071450,range_071251-071450,True
475,range_071251-071450,range_071251-071450,range_071401-071600,range_071401-071600,True
476,range_071401-071600,range_071401-071600,range_071551-071750,range_071551-071750,True
477,range_071551-071750,range_071551-071750,range_071701-071900,range_071701-071900,True
478,range_071701-071900,range_071701-071900,range_071851-072050,range_071851-072050,True
479,range_071851-072050,range_071851-072050,range_072001-072200,range_072001-072200,True
480,range_072001-072200,range_072001-072200,range_072151-072350,range_072151-072350,True
481,range_072151-072350,range_072151-072350,range_072301-072500,range_072301-072500,True
482,range_072301-072500,range_072301-072500,range_072451-072650,range_072451-072650,True
483,range_072451-072650,range_072451-072650,range_072601-072800,range_072601-072800,True
484,range_072601-072800,range_072601-072800,range_072751-072950,range_072751-072950,True
485,range_072751-072950,range_072751-072950,range_072901-073100,range_072901-073100,True
486,range_072901-073100,range_072901-073100,range_073051-073250,range_073051-073250,True
487,range_073051-073250,range_073051-073250,range_073201-073400,range_073201-073400,True
488,range_073201-073400,range_073201-073400,range_073351-073550,range_073351-073550,True
489,range_073351-073550,range_073351-073550,range_073501-073700,range_073501-073700,True
490,range_073501-073700,range_073501-073700,range_073651-073850,range_073651-073850,True
491,range_073651-073850,range_073651-073850,range_073801-074000,range_073801-074000,True
492,range_073801-074000,range_073801-074000,range_073951-074150,range_073951-074150,True
493,range_073951-074150,range_073951-074150,range_074101-074300,range_074101-074300,True
494,range_074101-074300,range_074101-074300,range_074251-074450,range_074251-074450,True
495,range_074251-074450,range_074251-074450,range_074401-074600,range_074401-074600,True
496,range_074401-074600,range_074401-074600,range_074551-074750,range_074551-074750,True
497,range_074551-074750,range_074551-074750,range_074701-074900,range_074701-074900,True
498,range_074701-074900,range_074701-074900,range_074851-075050,range_074851-075050,True
499,range_074851-075050,range_074851-075050,range_075001-075200,range_075001-075200,True
500,range_075001-075200,range_075001-075200,range_075151-075350,range_075151-075350,True
501,range_075151-075350,range_075151-075350,range_075301-075500,range_075301-075500,True
502,range_075301-075500,range_075301-075500,range_075451-075650,range_075451-075650,True
503,range_075451-075650,range_075451-075650,range_075601-075800,range_075601-075800,True
504,range_075601-075800,range_075601-075800,range_075751-075950,range_075751-075950,True
505,range_075751-075950,range_075751-075950,range_075901-076100,range_075901-076100,True
506,range_075901-076100,range_075901-076100,range_076051-076250,range_076051-076250,True
507,range_076051-076250,range_076051-076250,range_076201-076400,range_076201-076400,True
508,range_076201-076400,range_076201-076400,range_076351-076550,range_076351-076550,True
509,range_076351-076550,range_076351-076550,range_076501-076700,range_076501-076700,True
510,range_076501-076700,range_076501-076700,range_076651-076850,range_076651-076850,True
511,range_076651-076850,range_076651-076850,range_076801-077000,range_076801-077000,True
512,range_076801-077000,range_076801-077000,range_076951-077150,range_076951-077150,True
513,range_076951-077150,range_076951-077150,range_077101-077300,range_077101-077300,True
514,range_077101-077300,range_077101-077300,range_077251-077450,range_077251-077450,True
515,range_077251-077450,range_077251-077450,range_077401-077600,range_077401-077600,True
516,range_077401-077600,range_077401-077600,range_077551-077750,range_077551-077750,True
517,range_077551-077750,range_077551-077750,range_077701-077900,range_077701-077900,True
518,range_077701-077900,range_077701-077900,range_077851-078050,range_077851-078050,True
519,range_077851-078050,range_077851-078050,range_078001-078200,range_078001-078200,True
520,range_078001-078200,range_078001-078200,range_078151-078350,range_078151-078350,True
521,range_078151-078350,range_078151-078350,range_078301-078500,range_078301-078500,True
522,range_078301-078500,range_078301-078500,range_078451-078650,range_078451-078650,True
523,range_078451-078650,range_078451-078650,range_078601-078800,range_078601-078800,True
524,range_078601-078800,range_078601-078800,range_078751-078950,range_078751-078950,True
525,range_078751-078950,range_078751-078950,range_078901-079100,range_078901-079100,True
526,range_078901-079100,range_078901-079100,range_079051-079250,range_079051-079250,True
527,range_079051-079250,range_079051-079250,range_079201-079400,range_079201-079400,True
528,range_079201-079400,range_079201-079400,range_079351-079550,range_079351-079550,True
529,range_079351-079550,range_079351-079550,range_079501-079700,range_079501-079700,True
530,range_079501-079700,range_079501-079700,range_079651-079850,range_079651-079850,True
531,range_079651-079850,range_079651-079850,range_079801-080000,range_079801-080000,True
532,range_079801-080000,range_079801-080000,range_079951-080150,range_079951-080150,True
533,range_079951-080150,range_079951-080150,range_080101-080300,range_080101-080300,True
534,range_080101-080300,range_080101-080300,range_080251-080450,range_080251-080450,True
535,range_080251-080450,range_080251-080450,range_080401-080600,range_080401-080600,True
536,range_080401-080600,range_080401-080600,range_080551-080750,range_080551-080750,True
537,range_080551-080750,range_080551-080750,range_080701-080900,range_080701-080900,True
538,range_080701-080900,range_080701-080900,range_080851-081050,range_080851-081050,True
539,range_080851-081050,range_080851-081050,range_081001-081200,range_081001-081200,True
540,range_081001-081200,range_081001-081200,range_081151-081350,range_081151-081350,True
541,range_081151-081350,range_081151-081350,range_081301-081500,range_081301-081500,True
542,range_081301-081500,range_081301-081500,range_081451-081650,range_081451-081650,True
543,range_081451-081650,range_081451-081650,range_081601-081800,range_081601-081800,True
544,range_081601-081800,range_081601-081800,range_081751-081950,range_081751-081950,True
545,range_081751-081950,range_081751-081950,range_081901-082100,range_081901-082100,True
546,range_081901-082100,range_081901-082100,range_082051-082250,range_082051-082250,True
547,range_082051-082250,range_082051-082250,range_082201-082400,range_082201-082400,True
548,range_082201-082400,range_082201-082400,range_082351-082550,range_082351-082550,True
549,range_082351-082550,range_082351-082550,range_082501-082700,range_082501-082700,True
550,range_082501-082700,range_082501-082700,range_082651-082850,range_082651-082850,True
551,range_082651-082850,range_082651-082850,range_082801-083000,range_082801-083000,True
552,range_082801-083000,range_082801-083000,range_082951-083150,range_082951-083150,True
553,range_082951-083150,range_082951-083150,range_083101-083300,range_083101-083300,True
554,range_083101-083300,range_083101-083300,range_083251-083450,range_083251-083450,True
555,range_083251-083450,range_083251-083450,range_083401-083600,range_083401-083600,True
556,range_083401-083600,range_083401-083600,range_083551-083750,range_083551-083750,True
557,range_083551-083750,range_083551-083750,range_083701-083900,range_083701-083900,True
558,range_083701-083900,range_083701-083900,range_083851-084050,range_083851-084050,True
559,range_083851-084050,range_083851-084050,range_084001-084200,range_084001-084200,True
560,range_084001-084200,range_084001-084200,range_084151-084350,range_084151-084350,True
561,range_084151-084350,range_084151-084350,range_084301-084500,range_084301-084500,True
562,range_084301-084500,range_084301-084500,range_084451-084650,range_084451-084650,True
563,range_084451-084650,range_084451-084650,range_084601-084800,range_084601-084800,True
564,range_084601-084800,range_084601-084800,range_084751-084950,range_084751-084950,True
565,range_084751-084950,range_084751-084950,range_084901-085100,range_084901-085100,True
566,range_084901-085100,range_084901-085100,range_085051-085250,range_085051-085250,True
567,range_085051-085250,range_085051-085250,range_085201-085400,range_085201-085400,True
568,range_085201-085400,range_085201-085400,range_085351-085550,range_085351-085550,True
569,range_085351-085550,range_085351-085550,range_085501-085700,range_085501-085700,True
570,range_085501-085700,range_085501-085700,range_085651-085850,range_085651-085850,True
571,range_085651-085850,range_085651-085850,range_085801-086000,range_085801-086000,True
572,range_085801-086000,range_085801-086000,range_085951-086150,range_085951-086150,True
573,range_085951-086150,range_085951-086150,range_086101-086300,range_086101-086300,True
574,range_086101-086300,range_086101-086300,range_086251-086450,range_086251-086450,True
575,range_086251-086450,range_086251-086450,range_086401-086600,range_086401-086600,True
576,range_086401-086600,range_086401-086600,range_086551-086750,range_086551-086750,True
577,range_086551-086750,range_086551-086750,range_086701-086900,range_086701-086900,True
578,range_086701-086900,range_086701-086900,range_086851-087050,range_086851-087050,True
579,range_086851-087050,range_086851-087050,range_087001-087200,range_087001-087200,True
580,range_087001-087200,range_087001-087200,range_087151-087350,range_087151-087350,True
581,range_087151-087350,range_087151-087350,range_087301-087500,range_087301-087500,True
582,range_087301-087500,range_087301-087500,range_087451-087650,range_087451-087650,True
583,range_087451-087650,range_087451-087650,range_087601-087800,range_087601-087800,True
584,range_087601-087800,range_087601-087800,range_087751-087950,range_087751-087950,True
585,range_087751-087950,range_087751-087950,range_087901-088100,range_087901-088100,True
586,range_087901-088100,range_087901-088100,range_088051-088250,range_088051-088250,True
587,range_088051-088250,range_088051-088250,range_088201-088400,range_088201-088400,True
588,range_088201-088400,range_088201-088400,range_088351-088550,range_088351-088550,True
589,range_088351-088550,range_088351-088550,range_088501-088700,range_088501-088700,True
590,range_088501-088700,range_088501-088700,range_088651-088850,range_088651-088850,True
591,range_088651-088850,range_088651-088850,range_088801-089000,range_088801-089000,True
592,range_088801-089000,range_088801-089000,range_088951-089150,range_088951-089150,True
593,range_088951-089150,range_088951-089150,range_089101-089300,range_089101-089300,True
594,range_089101-089300,range_089101-089300,range_089251-089450,range_089251-089450,True
595,range_089251-089450,range_089251-089450,range_089401-089600,range_089401-089600,True
596,range_089401-089600,range_089401-089600,range_089551-089750,range_089551-089750,True
597,range_089551-089750,range_089551-089750,range_089701-089900,range_089701-089900,True
598,range_089701-089900,range_089701-089900,range_089851-090050,range_089851-090050,True
599,range_089851-090050,range_089851-090050,range_090001-090200,range_090001-090200,True
600,range_090001-090200,range_090001-090200,range_090151-090350,range_090151-090350,True
601,range_090151-090350,range_090151-090350,range_090301-090500,range_090301-090500,True
602,range_090301-090500,range_090301-090500,range_090451-090650,range_090451-090650,True
603,range_090451-090650,range_090451-090650,range_090601-090800,range_090601-090800,True
604,range_090601-090800,range_090601-090800,range_090751-090950,range_090751-090950,True
605,range_090751-090950,range_090751-090950,range_090901-091100,range_090901-091100,True
606,range_090901-091100,range_090901-091100,range_091051-091250,range_091051-091250,True
607,range_091051-091250,range_091051-091250,range_091201-091400,range_091201-091400,True
608,range_091201-091400,range_091201-091400,range_091351-091550,range_091351-091550,True
609,range_091351-091550,range_091351-091550,range_091501-091700,range_091501-091700,True
610,range_091501-091700,range_091501-091700,range_091651-091850,range_091651-091850,True
611,range_091651-091850,range_091651-091850,range_091801-092000,range_091801-092000,True
612,range_091801-092000,range_091801-092000,range_091951-092150,range_091951-092150,True
613,range_091951-092150,range_091951-092150,range_092101-092300,range_092101-092300,True
614,range_092101-092300,range_092101-092300,range_092251-092450,range_092251-092450,True
615,range_092251-092450,range_092251-092450,range_092401-092600,range_092401-092600,True
616,range_092401-092600,range_092401-092600,range_092551-092750,range_092551-092750,True
617,range_092551-092750,range_092551-092750,range_092701-092900,range_092701-092900,True
618,range_092701-092900,range_092701-092900,range_092851-093050,range_092851-093050,True
619,range_092851-093050,range_092851-093050,range_093001-093200,range_093001-093200,True
620,range_093001-093200,range_093001-093200,range_093151-093350,range_093151-093350,True
621,range_093151-093350,range_093151-093350,range_093301-093500,range_093301-093500,True
622,range_093301-093500,range_093301-093500,range_093451-093650,range_093451-093650,True
623,range_093451-093650,range_093451-093650,range_093601-093800,range_093601-093800,True
624,range_093601-093800,range_093601-093800,range_093751-093950,range_093751-093950,True
625,range_093751-093950,range_093751-093950,range_093901-094100,range_093901-094100,True
626,range_093901-094100,range_093901-094100,range_094051-094250,range_094051-094250,True
627,range_094051-094250,range_094051-094250,range_094201-094400,range_094201-094400,True
628,range_094201-094400,range_094201-094400,range_094351-094550,range_094351-094550,True
629,range_094351-094550,range_094351-094550,range_094501-094700,range_094501-094700,True
630,range_094501-094700,range_094501-094700,range_094651-094850,range_094651-094850,True
631,range_094651-094850,range_094651-094850,range_094801-095000,range_094801-095000,True
632,range_094801-095000,range_094801-095000,range_094951-095150,range_094951-095150,True
633,range_094951-095150,range_094951-095150,range_095101-095300,range_095101-095300,True
634,range_095101-095300,range_095101-095300,range_095251-095450,range_095251-095450,True
635,range_095251-095450,range_095251-095450,range_095401-095600,range_095401-095600,True
636,range_095401-095600,range_095401-095600,range_095551-095750,range_095551-095750,True
637,range_095551-095750,range_095551-095750,range_095701-095900,range_095701-095900,True
638,range_095701-095900,range_095701-095900,range_095851-096050,range_095851-096050,True
639,range_095851-096050,range_095851-096050,range_096001-096200,range_096001-096200,True
640,range_096001-096200,range_096001-096200,range_096151-096350,range_096151-096350,True
641,range_096151-096350,range_096151-096350,range_096301-096500,range_096301-096500,True
642,range_096301-096500,range_096301-096500,range_096451-096650,range_096451-096650,True
643,range_096451-096650,range_096451-096650,range_096601-096800,range_096601-096800,True
644,range_096601-096800,range_096601-096800,range_096751-096950,range_096751-096950,True
645,range_096751-096950,range_096751-096950,range_096901-097100,range_096901-097100,True
646,range_096901-097100,range_096901-097100,range_097051-097250,range_097051-097250,True
647,range_097051-097250,range_097051-097250,range_097201-097400,range_097201-097400,True
648,range_097201-097400,range_097201-097400,range_097351-097550,range_097351-097550,True
649,range_097351-097550,range_097351-097550,range_097501-097700,range_097501-097700,True
650,range_097501-097700,range_097501-097700,range_097651-097850,range_097651-097850,True
651,range_097651-097850,range_097651-097850,range_097801-098000,range_097801-098000,True
652,range_097801-098000,range_097801-098000,range_097951-098150,range_097951-098150,True
653,range_097951-098150,range_097951-098150,range_098101-098300,range_098101-098300,True
654,range_098101-098300,range_098101-098300,range_098251-098450,range_098251-098450,True
655,range_098251-098450,range_098251-098450,range_098401-098600,range_098401-098600,True
656,range_098401-098600,range_098401-098600,range_098551-098750,range_098551-098750,True
657,range_098551-098750,range_098551-098750,range_098701-098900,range_098701-098900,True
658,range_098701-098900,range_098701-098900,range_098851-099050,range_098851-099050,True
659,range_098851-099050,range_098851-099050,range_099001-099200,range_099001-099200,True
660,range_099001-099200,range_099001-099200,range_099151-099350,range_099151-099350,True
661,range_099151-099350,range_099151-099350,range_099301-099500,range_099301-099500,True
662,range_099301-099500,range_099301-099500,range_099451-099650,range_099451-099650,True
663,range_099451-099650,range_099451-099650,range_099601-099800,range_099601-099800,True
664,range_099601-099800,range_099601-099800,range_099751-099950,range_099751-099950,True
