channel,third,n,first_position,last_position,observed_mean_percentile,observed_mean_effect,p_two_sided,p_lower,p_upper,same_direction_as_full_channel,nominal_replication_pass,first_transition_index,last_transition_index
speed,1,221,0,220,0.48212669683257925,-0.01787330316742075,0.3635272945410918,0.20675864827034593,0.7950409918016397,True,False,1.0,221.0
speed,2,221,221,441,0.4438914027149321,-0.056108597285067896,0.003599280143971206,0.001999600079984003,0.9982003599280144,True,True,222.0,442.0
speed,3,222,442,663,0.4907657657657658,-0.009234234234234195,0.6526694661067787,0.3395320935812837,0.6622675464907019,True,False,443.0,664.0
acceleration,1,221,0,220,0.4398190045248868,-0.060180995475113186,0.0011997600479904018,0.0003999200159968006,0.9998000399920016,True,True,1.0,221.0
acceleration,2,221,221,441,0.43778280542986425,-0.06221719457013575,0.0027994401119776045,0.0015996800639872025,0.9986002799440112,True,True,222.0,442.0
acceleration,3,222,442,663,0.427027027027027,-0.072972972972973,0.0007998400319936012,0.0003999200159968006,0.9998000399920016,True,True,443.0,664.0
turn_change,1,221,0,220,0.4384615384615385,-0.061538461538461486,0.001999600079984003,0.0009998000399920016,0.9992001599680064,True,True,1.0,221.0
turn_change,2,221,221,441,0.4597285067873303,-0.04027149321266971,0.05018996200759848,0.023195360927814438,0.9772045590881824,True,False,222.0,442.0
turn_change,3,222,442,663,0.4281531531531532,-0.07184684684684678,0.0009998000399920016,0.0005998800239952009,0.9996000799840032,True,True,443.0,664.0
density_scale_change,1,221,0,220,0.4626696832579186,-0.037330316742081426,0.060387922415516895,0.023795240951809637,0.9766046790641871,True,False,1.0,221.0
density_scale_change,2,221,221,441,0.4519230769230769,-0.04807692307692307,0.013397320535892822,0.004599080183963208,0.9956008798240352,True,True,222.0,442.0
density_scale_change,3,222,442,663,0.45788288288288276,-0.04211711711711724,0.03279344131173765,0.011797640471905619,0.9884023195360928,True,True,443.0,664.0
diffusion_step,1,221,0,220,0.47692307692307695,-0.02307692307692305,0.24675064987002598,0.13357328534293142,0.8678264347130574,True,False,1.0,221.0
diffusion_step,2,221,221,441,0.49796380090497727,-0.0020361990950227282,0.9184163167366527,0.48670265946810637,0.5144971005798841,True,False,222.0,442.0
diffusion_step,3,222,442,663,0.44504504504504505,-0.05495495495495495,0.0061987602479504095,0.0033993201359728054,0.9968006398720256,True,True,443.0,664.0
