config_id,max_abs_physical_front_score_error,mean_abs_physical_front_score_error,pass
d119_knn10,7.126244039312724e-15,6.724417813906752e-16,True
d119_knn20,3.9968028886505635e-15,5.172849394688528e-16,True
d119_knn30,8.43769498715119e-15,9.249301942295846e-16,True
d128_knn10,8.326672684688674e-15,4.946738562561836e-16,True
d128_knn20,6.855627177060342e-15,8.197432759449931e-16,True
d128_knn30,4.6629367034256575e-15,7.5650918579244745e-16,True
d162_knn10,2.0261570199409107e-14,9.942357064929857e-16,True
d162_knn20,4.107825191113079e-15,6.595972513159162e-16,True
d162_knn30,6.106226635438361e-15,5.763383620750957e-16,True
d66_knn10,2.609024107869118e-14,9.711843012201226e-16,True
d66_knn20,1.1213252548714081e-14,1.1123011715481949e-15,True
d66_knn30,6.5503158452884236e-15,5.996761404047655e-16,True
d96_knn10,1.3211653993039363e-14,9.597997702003756e-16,True
d96_knn20,7.549516567451064e-15,7.512175599616521e-16,True
d96_knn30,3.3861802251067274e-15,4.488662307473873e-16,True
