transition_index,consensus_physical_cosine_percentile,median_physical_cosine,median_control_cosine,physical_minus_control_cosine
1,0.45,-0.504231341995621,-0.49746410207209135,-0.006767239923529678
2,0.45,-0.5546986420429803,-0.5457123504807968,-0.008986291562183446
3,0.6,-0.38663968275452554,-0.3961519235341201,0.00951224077959456
4,0.3,-0.5445619897851084,-0.5144226571439929,-0.030139332641115457
5,0.4,-0.5487095523562426,-0.5285627465561205,-0.02014680580012218
6,1.0,-0.3190899344545761,-0.5047464208933432,0.1856564864387671
7,0.25,-0.3976341934259293,-0.340767637976062,-0.056866555449867295
8,0.7,-0.4781889354700537,-0.5016425721873621,0.02345363671730838
9,0.15,-0.5256995045808988,-0.4740159456271299,-0.05168355895376886
10,0.6,-0.5534311829703358,-0.5758507506761129,0.022419567705777133
11,0.65,-0.4725014563942884,-0.51211924098277,0.03961778458848153
12,0.9,-0.43509605528748363,-0.5320153588073786,0.09691930351989497
13,0.9,-0.5493244007166225,-0.6014498942439274,0.05212549352730489
14,1.0,-0.4251860939525356,-0.47817465840222784,0.052988564449692244
15,0.4,-0.4940422318862623,-0.4832826577371143,-0.010759574149147966
16,0.65,-0.5450901672218851,-0.5739808202584963,0.028890653036611202
17,0.9,-0.3957166588432446,-0.47191031370799463,0.07619365486475005
18,0.45,-0.32943455247852227,-0.32408659591712174,-0.005347956561400524
19,0.35,-0.5109342840489397,-0.4622174618378019,-0.04871682221113782
20,0.95,-0.5603453922644803,-0.6295661514944897,0.06922075923000937
21,1.0,-0.29179460870094465,-0.45876374086011185,0.1669691321591672
22,0.6,-0.3567058842728783,-0.3605304998268277,0.0038246155539494175
23,0.9,-0.41134184029421816,-0.48576437301046727,0.0744225327162491
24,0.2,-0.2996642765967019,-0.251726164808602,-0.047938111788099924
25,1.0,-0.3185590006420107,-0.3985451406470768,0.0799861400050661
26,0.25,-0.663366339402728,-0.6330077418903864,-0.0303585975123416
27,0.35,-0.48067327194324694,-0.45532197650552775,-0.02535129543771919
28,0.15,-0.4613049380441907,-0.38134164514967517,-0.07996329289451554
29,0.7,-0.5687835483930384,-0.6066416115680654,0.037858063175027046
30,0.2,-0.5177160239033687,-0.49602701569880603,-0.021689008204562654
31,0.4,-0.47072713050277337,-0.45078322450920494,-0.019943905993568434
32,1.0,-0.41029114630617736,-0.5739083694971333,0.16361722319095595
33,0.25,-0.5443539017026133,-0.5142895014577223,-0.030064400244890988
34,0.15,-0.5276777354742954,-0.47137661781588724,-0.05630111765840817
35,0.5,-0.47587156251135565,-0.4766024867748039,0.0007309242634482294
36,0.65,-0.2945607968255164,-0.2989131596384893,0.00435236281297291
37,0.35,-0.6441709027000035,-0.6199516413396162,-0.024219261360387323
38,0.35,-0.5489602182461051,-0.5350351215189881,-0.013925096727116948
39,0.1,-0.29364474237278504,-0.20734853673792641,-0.08629620563485862
40,0.95,-0.4064616614204213,-0.5481908943848685,0.14172923296444717
41,0.95,-0.1022720944998452,-0.2976264475926921,0.19535435309284688
42,1.0,-0.37059353668640105,-0.48690604529806947,0.11631250861166842
43,0.2,-0.5565240970541305,-0.5023181213123585,-0.054205975741771995
44,0.9,-0.36540286471998673,-0.48534331997281766,0.11994045525283092
45,0.95,-0.3183098168382301,-0.3880331175163373,0.06972330067810717
46,0.8,-0.41063253321655635,-0.49980751148781166,0.08917497827125531
47,0.6,-0.4813802801852849,-0.5418300674894803,0.06044978730419537
48,0.45,-0.39634567025469924,-0.3543826749870511,-0.04196299526764813
49,0.85,-0.416280566882266,-0.5166834310893963,0.1004028642071303
50,0.6,-0.36751605612995597,-0.4012654250797466,0.03374936894979064
51,1.0,-0.26632129047263753,-0.541033656458046,0.2747123659854085
52,0.8,-0.3243590997807011,-0.3934310597416234,0.0690719599609223
53,0.4,-0.5068018862434651,-0.4867290358874089,-0.020072850356056215
54,0.1,-0.6983627991691987,-0.6289079748091266,-0.06945482436007211
55,0.15,-0.4788745313147573,-0.3781858523210617,-0.1006886789936956
56,0.9,-0.16043766460260178,-0.32981697872335414,0.16937931412075236
57,1.0,-0.24236276942848756,-0.5387142905707147,0.2963515211422272
58,0.55,-0.34593537583618783,-0.3491220560285101,0.0031866801923222665
59,0.05,-0.5971082483921013,-0.486059366126958,-0.11104888226514331
60,0.6,-0.39119112730381134,-0.3995927745983735,0.008401647294562165
61,0.3,-0.622044483843784,-0.5916631040713836,-0.030381379772400408
62,1.0,-0.32911655380356253,-0.520379257102442,0.1912627032988795
63,0.4,-0.5454522773262607,-0.533990620905371,-0.011461656420889699
64,1.0,-0.28461963133133117,-0.40979433927355746,0.1251747079422263
65,0.2,-0.4674519538716988,-0.41607610290446384,-0.05137585096723496
66,0.5,-0.603355825056221,-0.5969736031639263,-0.006382221892294648
67,0.25,-0.5470806846290563,-0.5094396647742678,-0.037641019854788516
68,0.4,-0.49729029347040554,-0.4664575119022666,-0.030832781568138956
69,0.65,-0.48823961546765693,-0.4994009209113356,0.01116130544367866
70,0.95,-0.5022513848675496,-0.5845691338555004,0.08231774898795075
71,0.05,-0.4996946258436885,-0.38900259622383626,-0.11069202961985225
72,0.3,-0.6260088147167386,-0.5889318697788007,-0.037076944937937895
73,0.15,-0.5280756850203498,-0.4595356396392295,-0.06854004538112035
74,0.9,-0.24143586362398461,-0.31666622727099203,0.07523036364700741
75,0.5,-0.42184340920185726,-0.42271161810106106,0.000868208899203804
76,1.0,-0.2510411804025974,-0.49059355161149976,0.23955237120890238
77,0.65,-0.6339999418644249,-0.6512638948817073,0.017263953017282452
78,0.0,-0.5196948892541498,-0.36620646699658554,-0.1534884222575642
79,0.6,-0.4615932004407348,-0.48931210311947093,0.027718902678736113
80,1.0,-0.3919374837444529,-0.5834300289539687,0.19149254520951575
81,0.4,-0.5090514827598429,-0.4978271546307508,-0.011224328129092132
82,0.55,-0.46558664254146365,-0.4694951431419826,0.003908500600518949
83,0.75,-0.4127573326159073,-0.4688033983790063,0.05604606576309901
84,0.9,-0.3407204053955466,-0.50142571097256,0.16070530557701335
85,0.8,-0.3849695966965758,-0.42292151042320614,0.037951913726630315
86,0.6,-0.5573279239191278,-0.5804602804467829,0.023132356527655107
87,0.15,-0.5785413152686849,-0.45949621815088426,-0.11904509711780065
88,0.5,-0.4608681981802014,-0.4614788238862034,0.0006106257060020104
89,0.55,-0.478987564745855,-0.4847694332952043,0.005781868549349256
90,1.0,-0.29083025597344303,-0.5025635220619415,0.21173326608849852
91,0.25,-0.5964414779400391,-0.5629122701639966,-0.03352920777604251
92,0.25,-0.3846625878276131,-0.35119696720256055,-0.03346562062505254
93,1.0,-0.3057540517332755,-0.37898665454375824,0.07323260281048272
94,0.6,-0.6298029420616529,-0.6384804891263546,0.008677547064701696
95,0.35,-0.45190139475703317,-0.42749663507923363,-0.024404759677799537
96,0.35,-0.3227869710623792,-0.2917758642859902,-0.031011106776388964
97,0.6,-0.5882036332927421,-0.6044303760423149,0.01622674274957281
98,0.45,-0.5070207489229981,-0.5036153331543514,-0.0034054157686467246
99,0.15,-0.47567756096489755,-0.45767089292900165,-0.0180066680358959
100,0.5,-0.44802010747832144,-0.44531214859991475,-0.002707958878406691
101,0.75,-0.5198640094897629,-0.6163706742748895,0.0965066647851266
102,0.75,-0.33296386702002967,-0.44863210493748473,0.11566823791745506
103,0.85,-0.34185805213822085,-0.43306015132533104,0.0912020991871102
104,0.3,-0.4555893235951818,-0.422937382761684,-0.03265194083349776
105,0.8,-0.4635544787718886,-0.5181672712701805,0.05461279249829187
106,0.9,-0.2649190299482349,-0.34968496540784944,0.08476593545961453
107,0.8,-0.5602308183254969,-0.6021525624148559,0.041921744089359
108,0.85,-0.3718207884372762,-0.40348544222143823,0.031664653784162056
109,0.45,-0.608774690684204,-0.5916582475501014,-0.017116443134102544
110,0.05,-0.4738644362351796,-0.3437222929900472,-0.1301421432451324
111,0.05,-0.6457622267294858,-0.551203730520417,-0.09455849620906875
112,0.15,-0.6168053750797542,-0.5560518382759163,-0.06075353680383788
113,0.4,-0.44462721926086735,-0.4366470903407498,-0.007980128920117568
114,0.85,-0.4793073103819969,-0.5879281394717726,0.10862082908977566
115,0.8,-0.4542274739742451,-0.5035270583755269,0.04929958440128179
116,0.8,-0.4332715246103045,-0.47912330940586867,0.04585178479556418
117,0.9,-0.3847793476131347,-0.45511763807157735,0.07033829045844264
118,0.9,-0.4748705448849804,-0.5800940453066606,0.10522350042168027
119,0.7,-0.4229837068745339,-0.47388159969639254,0.05089789282185864
120,0.7,-0.4120896101949263,-0.4336896514532208,0.02160004125829451
121,0.95,-0.4927168011038403,-0.5570635039282924,0.0643467028244521
122,0.95,-0.4466838866928411,-0.5265144697563161,0.07983058306347501
123,0.1,-0.5334428118636687,-0.4306781443431015,-0.10276466752056723
124,0.3,-0.4675211944328459,-0.41724921403918336,-0.05027198039366254
125,0.65,-0.49034244508104186,-0.5079260955824489,0.01758365050140709
126,0.4,-0.5816065978512976,-0.5633708179962179,-0.018235779855079737
127,0.05,-0.5316721279065857,-0.42043948905213313,-0.11123263885445256
128,0.05,-0.5036805028043267,-0.3283869314653882,-0.17529357133893853
129,0.35,-0.6582220832731824,-0.6168411024271898,-0.04138098084599262
130,0.75,-0.4879750423744713,-0.5403040502684717,0.05232900789400041
131,1.0,-0.2571269771621374,-0.39568335619025896,0.13855637902812157
132,0.95,-0.5095682389849823,-0.6101975425512813,0.10062930356629907
133,0.3,-0.5323604203934995,-0.4918390865643364,-0.04052133382916312
134,0.9,-0.23619521446643543,-0.3592452436057272,0.12305002913929175
135,0.35,-0.6079442942898245,-0.5794722751814438,-0.02847201910838071
136,0.3,-0.5368370785824639,-0.49806469003245457,-0.03877238855000931
137,0.45,-0.5518629316593979,-0.5360672230561905,-0.015795708603207448
138,1.0,-0.13943895607014456,-0.3900185943366655,0.25057963826652097
139,0.25,-0.6021772875972207,-0.5650063592353107,-0.03717092836190994
140,0.6,-0.4026317580709591,-0.4290444518418657,0.026412693770906603
141,0.8,-0.3978576398031577,-0.465389725250556,0.0675320854473983
142,0.45,-0.5398005781694473,-0.5124550692193119,-0.027345508950135322
143,0.15,-0.4826771803884431,-0.40777220965116334,-0.07490497073727975
144,0.2,-0.42978554081682185,-0.3742934378374595,-0.05549210297936236
145,0.95,-0.4240099676994411,-0.5066128296812822,0.08260286198184108
146,0.55,-0.5685476243548666,-0.5814928930201272,0.012945268665260579
147,0.9,-0.3924565091091812,-0.436367041244762,0.043910532135580826
148,0.25,-0.5124697958173192,-0.4501884159683054,-0.06228137984901383
149,0.35,-0.6705937752379585,-0.6442306405296573,-0.026363134708301206
150,0.85,-0.460620132120934,-0.5300995367265808,0.06947940460564683
151,0.95,-0.36783057040480616,-0.4565532233913032,0.08872265298649706
152,0.95,-0.4646357223815558,-0.5784541930203525,0.11381847063879669
153,0.7,-0.4220318737326272,-0.47370413387553345,0.05167226014290627
154,0.75,-0.35666586269995015,-0.3759791420240608,0.019313279324110644
155,0.25,-0.5490730511235593,-0.52353661919773,-0.025536431925829328
156,0.35,-0.6129791507014675,-0.5857011402570591,-0.027278010444408363
157,1.0,-0.30575591942110725,-0.4561486951793682,0.15039277575826093
158,0.05,-0.6048890249091279,-0.5413253694299326,-0.06356365547919529
159,0.4,-0.29716550005278,-0.2828802077026523,-0.014285292350127654
160,0.9,-0.5141093427375769,-0.5870889331832203,0.0729795904456434
161,0.95,-0.5799261983885515,-0.6559667029387488,0.07604050455019729
162,0.7,-0.346935390982249,-0.39419092729445826,0.047255536312209245
163,0.4,-0.5740268927117029,-0.563860817091706,-0.01016607561999694
164,1.0,-0.12491210743922987,-0.3300935924646795,0.20518148502544964
165,0.1,-0.4108228382161605,-0.34063648858459794,-0.07018634963156256
166,0.95,-0.3989465129647014,-0.586738309739146,0.18779179677444457
167,0.0,-0.5385456542706448,-0.4621953197414913,-0.07635033452915352
168,0.0,-0.6058917754827546,-0.4341945403400127,-0.17169723514274193
169,0.3,-0.5198665992008622,-0.48859351447138166,-0.03127308472948054
170,0.5,-0.6580807423338702,-0.6563045711291986,-0.0017761712046715505
171,0.95,-0.3422930040982859,-0.4740431673702692,0.1317501632719833
172,0.4,-0.5593355093720611,-0.5360238388307137,-0.023311670541347418
173,0.6,-0.43822913281740483,-0.45682370514178106,0.018594572324376224
174,0.3,-0.3675442825154429,-0.3133554626219808,-0.05418881989346214
175,1.0,-0.3993612007125742,-0.5243450578880686,0.12498385717549443
176,0.25,-0.5913898564737208,-0.5559177247546045,-0.03547213171911623
177,0.8,-0.37568362767548225,-0.4219282505761319,0.04624462290064968
178,0.8,-0.47510111809875855,-0.5186690672253497,0.04356794912659112
179,0.95,-0.5312205580991236,-0.5880104799957284,0.05678992189660481
180,0.0,-0.5058425484387559,-0.40059116350531876,-0.10525138493343711
181,0.55,-0.6004410820776109,-0.6111351309782713,0.010694048900660391
182,0.85,-0.4100650675843216,-0.48715801112415535,0.07709294353983376
183,0.85,-0.255760022708464,-0.2959878216343116,0.0402277989258476
184,0.2,-0.5968149561554745,-0.5644373858796947,-0.03237757027577981
185,0.95,-0.4657541382038213,-0.5858710753149947,0.12011693711117344
186,0.9,-0.4576322816506586,-0.5637197857131039,0.10608750406244527
187,0.0,-0.5737972850425894,-0.4069604489044846,-0.16683683613810485
188,0.55,-0.5240900382623326,-0.532865419269073,0.008775381006740468
189,0.8,-0.3425131211651804,-0.406574487218089,0.06406136605290857
190,1.0,-0.42591797119735775,-0.5325428313700264,0.1066248601726687
191,0.55,-0.4214584432963169,-0.44389906407112667,0.022440620774809794
192,0.2,-0.38449692781712397,-0.32198288089157145,-0.06251404692555251
193,0.1,-0.6991137940755483,-0.6198513725458462,-0.07926242152970209
194,0.15,-0.5429092474789916,-0.48215063184045415,-0.06075861563853746
195,0.9,-0.33087856944824323,-0.43134569492066477,0.10046712547242154
196,0.55,-0.3899850722376561,-0.4149091604656383,0.0249240882279822
197,0.3,-0.5445455311800509,-0.5266253984010346,-0.017920132779016273
198,1.0,-0.40028792213196507,-0.6058558017813814,0.20556787964941636
199,0.45,-0.47298038420751665,-0.4655600772461904,-0.0074203069613262285
200,0.35,-0.5373769235824124,-0.48890488548553324,-0.048472038096879166
201,0.65,-0.28427814071232627,-0.30694649065646307,0.0226683499441368
202,0.1,-0.7563150320421215,-0.6658278856585391,-0.09048714638358235
203,0.75,-0.11409069836815555,-0.1492327336259559,0.03514203525780035
204,1.0,-0.33514387901571285,-0.5545433715873609,0.21939949257164804
205,0.9,-0.3448512847678977,-0.41532015231361885,0.07046886754572113
206,0.95,-0.382666851488505,-0.5069982663434602,0.12433141485495525
207,1.0,-0.3368976901578402,-0.4878782422373389,0.15098055207949868
208,0.25,-0.670026065087435,-0.6290031113070979,-0.04102295378033716
209,0.3,-0.2801973580559438,-0.20434427495104734,-0.07585308310489647
210,0.3,-0.39623370682302106,-0.3583063350029144,-0.03792737182010664
211,0.45,-0.589196678397911,-0.5892662663187785,6.958792086753096e-05
212,0.5,-0.4448798411304018,-0.4487713909451768,0.0038915498147750194
213,0.4,-0.6356899038685093,-0.618833855509314,-0.016856048359195297
214,0.2,-0.4348079329478933,-0.3823047338595059,-0.05250319908838741
215,0.55,-0.4417307330700677,-0.45237947241791254,0.010648739347844827
216,0.0,-0.6368165444596017,-0.5293005786995907,-0.10751596576001099
217,0.15,-0.6065978971221386,-0.501669466480341,-0.10492843064179758
218,1.0,-0.24327208247422427,-0.4567932414038707,0.2135211589296464
219,0.25,-0.6130292412310996,-0.5699926966294319,-0.043036544601667726
220,0.3,-0.4435934906221046,-0.40749603057740214,-0.03609746004470249
221,0.35,-0.37578087538014326,-0.3298719619269843,-0.04590891345315895
222,1.0,-0.12801854162599868,-0.4413975418340038,0.31337900020800513
223,0.65,-0.4927247055284676,-0.5352429219226117,0.042518216394144104
224,0.95,-0.36506527244454445,-0.48095311329228896,0.1158878408477445
225,0.85,-0.45154908000868343,-0.5018839804431928,0.05033490043450939
226,0.5,-0.33781380392172666,-0.3459461881194029,0.008132384197676257
227,0.15,-0.5253247292732739,-0.4472024021361555,-0.07812232713711842
228,0.75,-0.48900114283667584,-0.5409926066771851,0.05199146384050923
229,0.25,-0.5677007246844856,-0.554066729328083,-0.01363399535640264
230,1.0,-0.18110154067822704,-0.3674009696267039,0.18629942894847684
231,0.4,-0.5234192508600866,-0.5082178876112515,-0.015201363248835031
232,1.0,-0.22743975814463657,-0.4985190810600404,0.2710793229154038
233,0.55,-0.5232184568080387,-0.5313020447041651,0.008083587896126398
234,0.4,-0.2725762866236199,-0.23266281452109105,-0.039913472102528824
235,0.15,-0.6597751153298854,-0.5519077774477342,-0.10786733788215119
236,0.5,-0.41465443334410956,-0.42496392232185476,0.010309488977745196
237,0.15,-0.595994837956364,-0.534870018571974,-0.06112481938438996
238,0.05,-0.6172570454622024,-0.542032009193793,-0.07522503626840937
239,0.95,-0.4926318494774451,-0.5442026492237035,0.051570799746258444
240,0.25,-0.6051243233239862,-0.594704777751836,-0.010419545572150302
241,1.0,-0.2824100400145777,-0.4762015710275087,0.193791531012931
242,0.25,-0.5870617878145883,-0.5429478238665284,-0.04411396394805989
243,0.65,-0.33386973048352475,-0.35299549952664877,0.01912576904312402
244,0.3,-0.5548965716657694,-0.5193548384151058,-0.035541733250663676
245,0.55,-0.30306754288278137,-0.31783723314014856,0.014769690257367185
246,0.95,-0.2248371780195717,-0.3139094537112419,0.0890722756916702
247,1.0,-0.46161496369369326,-0.5958208327860189,0.13420586909232568
248,0.4,-0.4208117877863313,-0.41891105769568593,-0.0019007300906453972
249,0.0,-0.6574511230733426,-0.48565312588859466,-0.17179799718474797
250,0.75,-0.4113734548671526,-0.44800308084104956,0.03662962597389696
251,0.45,-0.46574290237407356,-0.4516035994897766,-0.01413930288429699
252,0.8,-0.33632850636104106,-0.4093247257675908,0.07299621940654977
253,0.6,-0.5789127168588304,-0.6092421738290892,0.030329456970258795
254,1.0,-0.10664874990235251,-0.3520933674895661,0.2454446175872136
255,1.0,-0.27402329769779965,-0.44409250979476633,0.17006921209696668
256,0.7,-0.44292783468281605,-0.48765892214835893,0.044731087465542885
257,0.3,-0.6527899584612502,-0.6071338477815392,-0.04565611067971098
258,0.55,-0.45887898749361167,-0.4681760352684561,0.009297047774844414
259,0.35,-0.5301275280604576,-0.4983900225108443,-0.0317375055496133
260,0.35,-0.4992352489365923,-0.4664008735661658,-0.03283437537042655
261,0.2,-0.543914728554451,-0.4013990969528115,-0.1425156316016395
262,0.9,-0.16722381022828836,-0.29962391430487423,0.13240010407658587
263,0.1,-0.47086549160222724,-0.2872972652343819,-0.1835682263678453
264,1.0,-0.2783373835326124,-0.476525628591822,0.19818824505920962
265,1.0,-0.36792694583095154,-0.454819931629741,0.08689298579878946
266,1.0,-0.303224770444106,-0.5256037352509735,0.22237896480686747
267,0.35,-0.35386606331403314,-0.3283366404136301,-0.025529422900403054
268,1.0,-0.42118162948129134,-0.6067656103465848,0.18558398086529349
269,0.6,-0.4521737436267774,-0.49349073588753645,0.04131699226075902
270,0.5,-0.4365144688250866,-0.44115100012773456,0.0046365313026479615
271,0.8,-0.4490226657337464,-0.5516091365286446,0.10258647079489824
272,0.55,-0.3195020970833593,-0.33276290233584815,0.01326080525248885
273,0.05,-0.5220145517556531,-0.4668067873174776,-0.055207764438175544
274,0.95,-0.45738340263578103,-0.5410144211657616,0.08363101852998056
275,0.95,-0.24183395397833274,-0.3405446849187419,0.09871073094040916
276,0.7,-0.371197386011072,-0.4103125076356475,0.03911512162457553
277,0.15,-0.6567520492357841,-0.6056319349326525,-0.05112011430313157
278,0.6,-0.44401059042414714,-0.4669171220013455,0.022906531577198352
279,0.05,-0.7346794444862965,-0.5756115563410652,-0.15906788814523132
280,0.95,-0.3332917805802931,-0.43087892146207607,0.097587140881783
281,0.45,-0.44532031114668325,-0.44209192986334,-0.00322838128334324
282,0.3,-0.5521935051077327,-0.5105053670570822,-0.041688138050650525
283,0.1,-0.460932862748912,-0.39487287556844197,-0.06605998718047001
284,0.6,-0.5035979362779806,-0.513666057739276,0.010068121461295432
285,0.05,-0.40729901138126245,-0.34371609114901736,-0.0635829202322451
286,0.25,-0.6687173830281772,-0.6387008216864918,-0.0300165613416854
287,0.0,-0.5986068594344636,-0.4835309591189849,-0.11507590031547865
288,0.95,-0.34792062699953963,-0.4622801166104674,0.11435948961092779
289,0.95,-0.37872534787754697,-0.532051862913396,0.15332651503584904
290,1.0,-0.12454090225922476,-0.237701694400424,0.11316079214119923
291,0.2,-0.5954762640870785,-0.5357595229039366,-0.059716741183141964
292,0.7,-0.3678091787404043,-0.4009497181189482,0.03314053937854389
293,0.75,-0.4722418640553241,-0.5423656660559079,0.07012380200058377
294,0.4,-0.44562978995229807,-0.43654153185321387,-0.009088258099084201
295,0.45,-0.5512948608616499,-0.5450776544675026,-0.0062172063941473565
296,0.6,-0.2789340936970408,-0.28662961368092943,0.007695519983888621
297,0.85,-0.3983625717614663,-0.5020775685329408,0.10371499677147455
298,0.3,-0.5527680591828616,-0.49934520918407843,-0.05342284999878322
299,0.65,-0.442981059112004,-0.47818965719194617,0.035208598079942144
300,0.85,-0.5007474874561375,-0.5469742825895074,0.04622679513336991
301,0.0,-0.6338773042388162,-0.5728172538400554,-0.061060050398760723
302,0.1,-0.3822385052744819,-0.2659654695670588,-0.11627303570742309
303,0.15,-0.723168661845784,-0.6309743217894079,-0.09219434005637606
304,0.0,-0.557403887335548,-0.428797350127899,-0.12860653720764903
305,0.85,-0.5048580905338367,-0.5824699159261614,0.0776118253923247
306,0.9,-0.43664034530788154,-0.5228606965734599,0.08622035126557837
307,0.25,-0.39788008449872914,-0.366511198812011,-0.03136888568671814
308,0.9,-0.45965461055879686,-0.5888586157963576,0.1292040052375607
309,0.5,-0.33216444447320814,-0.3174644252097274,-0.014700019263480746
310,0.95,-0.4656744801143917,-0.6048590596121273,0.13918457949773555
311,0.3,-0.4237114030788347,-0.39331540097803575,-0.030396002100798958
312,0.55,-0.4341413802109195,-0.46316814079388324,0.029026760582963718
313,0.2,-0.49411998227019027,-0.4295097021996528,-0.06461028007053748
314,0.5,-0.6722897045243554,-0.6757028721918839,0.003413167667528416
315,0.55,-0.41614578130109425,-0.42693288954386577,0.010787108242771515
316,0.1,-0.5224568733833077,-0.43381730657916195,-0.08863956680414575
317,0.85,-0.5788480615748932,-0.6318436542795716,0.05299559270467835
318,0.35,-0.4786714047651557,-0.4635131670230632,-0.015158237742092462
319,0.55,-0.4742383219673558,-0.4829757309838305,0.008737409016474684
320,0.35,-0.36272166507223913,-0.34306337710470247,-0.01965828796753666
321,0.65,-0.521202543385876,-0.5478330245065093,0.026630481120633265
322,0.8,-0.4366384038128779,-0.5418905316243975,0.1052521278115196
323,0.25,-0.317736834839383,-0.2668790039236614,-0.0508578309157216
324,0.2,-0.708590327920321,-0.6669889610931875,-0.041601366827133446
325,0.75,-0.3822349296358305,-0.4245810058524613,0.04234607621663078
326,0.6,-0.5608722358156557,-0.5799220474615756,0.0190498116459199
327,0.4,-0.3938586806967539,-0.3711125269866826,-0.02274615371007127
328,1.0,-0.4223866525371789,-0.5895006275150467,0.16711397497786784
329,0.6,-0.43489988315261785,-0.45227811026632747,0.01737822711370962
330,0.4,-0.4729871040814748,-0.4644145557632078,-0.008572548318267037
331,0.75,-0.518049095280213,-0.5605765742054916,0.04252747892527853
332,0.6,-0.4824109972748276,-0.5018454449751584,0.01943444770033076
333,0.7,-0.4566509211208569,-0.4809986299347855,0.02434770881392856
334,1.0,-0.22668524597598583,-0.5919748199616781,0.3652895739856923
335,0.75,-0.270632164779788,-0.30361171655570973,0.03297955177592171
336,0.45,-0.37111894732388695,-0.35564131399467835,-0.015477633329208595
337,0.65,-0.2880788119141173,-0.33505203387784743,0.046973221963730105
338,0.95,-0.4516143415644447,-0.550867666322233,0.09925332475778836
339,0.1,-0.6539519936572229,-0.5388262664747278,-0.11512572718249514
340,0.05,-0.5571283729687697,-0.35608134949955494,-0.20104702346921477
341,0.3,-0.6178176921907721,-0.592591688402457,-0.025226003788315077
342,0.5,-0.5535301467911307,-0.5618813487153781,0.008351201924247431
343,0.85,-0.4070663519071174,-0.4885478289303977,0.08148147702328035
344,0.45,-0.5670172873108048,-0.5536150619854542,-0.013402225325350625
345,0.65,-0.10598816421805246,-0.16134656541172754,0.05535840119367508
346,0.35,-0.535061817883661,-0.4935321734393291,-0.04152964444433194
347,0.0,-0.5679313289910688,-0.3820737218756405,-0.1858576071154283
348,0.65,-0.43698629010354706,-0.5014334645886206,0.06444717448507353
349,0.25,-0.5619968538766513,-0.47900679744431895,-0.08299005643233237
350,0.4,-0.5715944514708591,-0.5632789262081176,-0.008315525262741486
351,0.45,-0.4652594699539949,-0.4374133759597306,-0.027846093994264298
352,0.2,-0.59807855297466,-0.5101615487277119,-0.08791700424694804
353,0.75,-0.40258823092110974,-0.46640361672721375,0.06381538580610402
354,0.45,-0.6432823647278783,-0.6282196999648322,-0.015062664763046074
355,0.05,-0.5225264531055513,-0.44227197899036275,-0.0802544741151886
356,0.2,-0.6342301369366667,-0.5298226716922976,-0.10440746524436917
357,0.6,-0.4216457235070188,-0.4498531027460223,0.028207379239003516
358,1.0,-0.5118692513076937,-0.6414022862954514,0.1295330349877577
359,0.35,-0.5080298229259643,-0.4816300492825012,-0.02639977364346313
360,0.0,-0.6336513792392267,-0.5310846361806626,-0.10256674305856406
361,0.55,-0.15926977094074957,-0.16464144311175954,0.005371672171009978
362,0.7,-0.478131069529689,-0.5050158112905794,0.026884741760890396
363,0.3,-0.556206903146947,-0.5266625724800761,-0.0295443306668709
364,0.3,-0.42929366164756555,-0.39126856976583946,-0.03802509188172609
365,0.25,-0.5514863738309317,-0.4987070989493957,-0.052779274881536
366,0.3,-0.3792938809650295,-0.3448468993461624,-0.034446981618867056
367,0.2,-0.6229075158324235,-0.46597075400850396,-0.15693676182391958
368,0.8,-0.463476894558871,-0.4936058727032405,0.030128978144369545
369,1.0,-0.4224665429827974,-0.5500941759894813,0.1276276330066839
370,0.75,-0.17260376978807757,-0.2684178836543193,0.09581411386624172
371,0.8,-0.491815176783964,-0.5467080984308412,0.0548929216468772
372,0.05,-0.47468983870283754,-0.32327387914251626,-0.15141595956032128
373,0.75,-0.5795493840443431,-0.6068337765712275,0.027284392526884416
374,0.8,-0.5011502031191806,-0.5881823521790487,0.08703214905986811
375,0.4,-0.27561847269974793,-0.24533499385210977,-0.030283478847638157
376,0.95,-0.4094232454339801,-0.5634271197546135,0.15400387432063334
377,0.25,-0.456923029292988,-0.41114174722301156,-0.04578128206997645
378,0.7,-0.3501738872319595,-0.3839514034793404,0.0337775162473809
379,0.7,-0.4404588639597651,-0.48645218096764087,0.04599331700787579
380,0.7,-0.46236520262844993,-0.5101674225288098,0.04780221990035982
381,0.3,-0.4972859672818353,-0.4503805315514573,-0.046905435730377976
382,0.7,-0.48781982420559755,-0.5262559238559426,0.038436099650345
383,0.1,-0.3814260922035566,-0.3211155039899073,-0.06031058821364932
384,0.25,-0.531663947096287,-0.4768567322499734,-0.05480721484631357
385,0.75,-0.5021035828640694,-0.5429755546051735,0.04087197174110413
386,0.5,-0.5485953394162537,-0.5508029849612321,0.0022076455449784316
387,1.0,-0.17009015292449203,-0.4763575788704988,0.30626742594600675
388,0.4,-0.4940548003935028,-0.4738023874243781,-0.020252412969124722
389,0.95,-0.17039004857820883,-0.3511826716086097,0.1807926230304009
390,0.2,-0.42709453811382336,-0.33095518690749437,-0.096139351206329
391,0.1,-0.6755598479512823,-0.5863062728021968,-0.0892535751490855
392,0.2,-0.44131852816135475,-0.37449630924677735,-0.0668222189145774
393,0.75,-0.46620434727428095,-0.5364702462886992,0.07026589901441826
394,0.6,-0.34426625989534854,-0.38177987366820576,0.037513613772857224
395,0.1,-0.5383288435162177,-0.4732126010368112,-0.0651162424794065
396,1.0,-0.4008126551632696,-0.5124515154040608,0.11163886024079117
397,0.8,-0.5104799483367288,-0.5748034923311899,0.06432354399446105
398,1.0,-0.28209461637922795,-0.4027971341234644,0.12070251774423646
399,0.2,-0.39082284705784276,-0.3329438304081198,-0.05787901664972295
400,0.95,-0.33332622865606787,-0.5386360549424802,0.20530982628641237
401,0.75,-0.24638050637272824,-0.2954145244166666,0.049034018043938365
402,0.95,-0.32516482899739696,-0.4826300838679366,0.15746525487053964
403,0.35,-0.517170842534451,-0.4941121851900402,-0.023058657344410816
404,0.05,-0.5152594518263509,-0.396467956328179,-0.11879149549817192
405,0.95,-0.542397468082793,-0.6419883100201711,0.0995908419373781
406,0.2,-0.48368256505215235,-0.4537971540565794,-0.02988541099557296
407,0.95,-0.4332597230108328,-0.5345457555753811,0.10128603256454827
408,0.8,-0.5258930714812231,-0.598143008190613,0.07224993670938984
409,0.1,-0.6129147678333808,-0.5260109866637799,-0.08690378116960096
410,0.15,-0.46735643822504325,-0.4346850736795431,-0.032671364545500126
411,0.1,-0.6673319426368303,-0.5798770892079496,-0.08745485342888071
412,0.95,-0.246253948288782,-0.3745421986907618,0.12828825040197978
413,0.15,-0.6602182654451307,-0.5535845569024457,-0.10663370854268506
414,0.75,-0.20473174666601435,-0.2850001581291838,0.08026841146316943
415,0.35,-0.765785868958951,-0.7463001173693061,-0.01948575158964483
416,0.7,-0.29854680509636866,-0.3562639549382497,0.05771714984188103
417,0.9,-0.3935642498167107,-0.5016317115303037,0.10806746171359305
418,0.65,-0.47986102796394037,-0.5502455642360904,0.07038453627215002
419,0.6,-0.5036231187319098,-0.5114015693255858,0.0077784505936759896
420,1.0,-0.3586865866796274,-0.5956899463452663,0.2370033596656389
421,0.15,-0.5617151799908822,-0.5006754783589864,-0.06103970163189576
422,0.4,-0.5241621142182367,-0.5083203799958946,-0.01584173422234203
423,0.3,-0.4173793104395056,-0.38819043016297006,-0.029188880276535545
424,0.1,-0.5263177794872296,-0.4579557131322025,-0.06836206635502706
425,0.45,-0.6000589207766613,-0.5958529868615877,-0.004205933915073623
426,1.0,-0.15875095114435633,-0.42776996202309103,0.2690190108787347
427,0.55,-0.4047026361370032,-0.42116837169535926,0.016465735558356065
428,0.5,-0.5409363217433492,-0.5451525392812007,0.004216217537851508
429,1.0,-0.010560163646036846,-0.14564765069430463,0.13508748704826778
430,0.75,-0.5746267604591262,-0.6315273411028435,0.05690058064371728
431,0.35,-0.3737565326295109,-0.3539414296674346,-0.019815102962076336
432,0.9,-0.21204506508348642,-0.30039696750630906,0.08835190242282265
433,0.5,-0.3865016997765005,-0.3816216438660338,-0.004880055910466696
434,0.1,-0.6476214989008349,-0.5629326990466548,-0.0846887998541801
435,1.0,-0.4836032000325621,-0.6230276074517136,0.13942440741915152
436,0.55,-0.4213123562006771,-0.4295725139566634,0.00826015775598632
437,1.0,-0.3799172981739578,-0.5123852202131367,0.1324679220391789
438,0.4,-0.4645612367148013,-0.45538233451306975,-0.009178902201731565
439,0.45,-0.4695603172045777,-0.4481300557388609,-0.021430261465716804
440,0.2,-0.5248384450338683,-0.4478711401897302,-0.07696730484413816
441,0.85,-0.12914979376681535,-0.24418593960810298,0.11503614584128763
442,0.15,-0.6642890646072845,-0.5551562000908308,-0.10913286451645376
443,0.15,-0.5943036349002402,-0.5347962449121653,-0.05950738998807492
444,0.15,-0.49309318928959045,-0.39889767503958695,-0.0941955142500035
445,0.85,-0.5167798314872278,-0.6054816715404715,0.08870184005324366
446,0.4,-0.3512059082232628,-0.3508851742974868,-0.0003207339257760289
447,0.2,-0.6137818643730286,-0.562042906766979,-0.05173895760604963
448,0.3,-0.5494229716921304,-0.5199579270191748,-0.02946504467295563
449,0.85,-0.42789142953370707,-0.48700718310750724,0.05911575357380017
450,0.0,-0.40537850076370496,-0.29269093967445914,-0.11268756108924582
451,0.8,-0.5090352012286474,-0.5669452327718202,0.05791003154317276
452,0.75,-0.5168061925509977,-0.5273997388156545,0.010593546264656806
453,0.65,-0.3959694756526928,-0.4251024980107678,0.029133022358075022
454,0.0,-0.732962895050723,-0.6139692345602823,-0.11899366049044069
455,0.9,-0.3445827072294987,-0.4470410217731613,0.10245831454366261
456,0.85,-0.37268169347702895,-0.45094574559986544,0.07826405212283649
457,0.9,-0.5123111502116711,-0.5840770146778148,0.07176586446614375
458,0.1,-0.5071338805744459,-0.4238383553366535,-0.08329552523779238
459,0.5,-0.5289341484474526,-0.5306560492787243,0.001721900831271772
460,0.8,-0.4838108841864448,-0.5341723059826735,0.05036142179622871
461,0.6,-0.42735461467063285,-0.4778303874018087,0.05047577273117587
462,1.0,-0.2609684047137253,-0.42841490941029503,0.16744650469656974
463,0.6,-0.46880090497393656,-0.47357242167237656,0.004771516698440004
464,0.7,-0.3723044057587981,-0.41486724071143544,0.04256283495263735
465,0.25,-0.5108404042027104,-0.46704534775374684,-0.04379505644896353
466,0.95,-0.05723213555260154,-0.1984103510846441,0.14117821553204257
467,0.35,-0.6735045540060491,-0.6096289822575205,-0.06387557174852865
468,0.9,-0.11889834256398446,-0.3540047730020547,0.23510643043807022
469,0.7,-0.5341786781053157,-0.557770782743978,0.023592104638662237
470,0.75,-0.3908947801589049,-0.4203410899690848,0.029446309810179927
471,0.5,-0.5213391296963121,-0.5156287607894707,-0.005710368906841401
472,0.6,-0.4827158571394232,-0.49421928606452536,0.011503428925102144
473,0.2,-0.6129825402190501,-0.5457777286476798,-0.06720481157137026
474,0.6,-0.3951190395842006,-0.4303249835111549,0.03520594392695431
475,0.95,-0.3976820664885783,-0.5615711918665833,0.16388912537800504
476,0.45,-0.5700172127624086,-0.5789155447565139,0.00889833199410528
477,0.6,-0.4075914864216037,-0.42592871861366177,0.018337232192058073
478,0.5,-0.4975625300501805,-0.4928278050972571,-0.004734724952923375
479,1.0,-0.436591870100419,-0.5558872627827611,0.11929539268234213
480,0.7,-0.5312161977402337,-0.5466661956608806,0.01544999792064694
481,0.8,-0.32522911095740215,-0.3941266668479373,0.06889755589053514
482,0.0,-0.5940684384270738,-0.5177773616220835,-0.07629107680499025
483,0.75,-0.5063547368058539,-0.5774278221743121,0.07107308536845824
484,0.9,-0.47202731703768586,-0.5184225648383243,0.04639524780063842
485,1.0,-0.44544095454292054,-0.538380114397389,0.09293915985446843
486,0.9,-0.49827243038083635,-0.531226338373818,0.0329539079929817
487,0.75,-0.5732149460090721,-0.628878986787583,0.05566404077851095
488,0.35,-0.46368502355908636,-0.42812296301461883,-0.03556206054446753
489,0.8,-0.5116865131731805,-0.5287850323483065,0.01709851917512606
490,0.6,-0.3988672855138953,-0.4229577683590169,0.024090482845121608
491,0.25,-0.507456448916443,-0.48097516164664655,-0.026481287269796483
492,0.5,-0.5155281262197655,-0.5150524639124571,-0.0004756623073084443
493,0.1,-0.5909372449539978,-0.49965617945026164,-0.09128106550373616
494,0.0,-0.6857599419314049,-0.48408702813521276,-0.20167291379619212
495,0.9,-0.44347451729591825,-0.5592928201943157,0.11581830289839745
496,0.6,0.019832184410047415,-0.023662451458166922,0.04349463586821434
497,0.8,-0.5580296194412595,-0.6007985790023309,0.04276895956107141
498,0.55,-0.04576048399682131,-0.04481920331201128,-0.0009412806848100308
499,0.5,-0.45362173570614583,-0.4720759120978282,0.018454176391682342
500,0.35,-0.35467559761140177,-0.3310748757425592,-0.023600721868842545
501,0.85,-0.5488092951670933,-0.5976524203020607,0.04884312513496736
502,1.0,-0.39705561232633535,-0.5274417507268448,0.1303861384005095
503,0.9,-0.31264104343010146,-0.40123589199470466,0.0885948485646032
504,0.85,-0.4156479400882078,-0.4788395658178174,0.06319162572960957
505,0.85,-0.466632731163253,-0.5600180741666139,0.09338534300336088
506,0.85,-0.4023100723513602,-0.45935982688098764,0.05704975452962746
507,0.2,-0.5609603697079142,-0.537191225093439,-0.023769144614475213
508,0.1,-0.629434132210072,-0.5620654821872892,-0.0673686500227828
509,1.0,-0.20396191527277563,-0.46066417463616294,0.2567022593633873
510,0.45,-0.45907470337218714,-0.44350628868888653,-0.015568414683300613
511,0.1,-0.5168322090572264,-0.4429221298213053,-0.07391007923592108
512,0.8,-0.42026456536139034,-0.5196536670372056,0.09938910167581527
513,0.2,-0.28187232550289965,-0.24347287151313257,-0.038399453989767074
514,0.3,-0.5514997392399601,-0.5311961470481286,-0.020303592191831532
515,0.55,-0.4731600360749588,-0.483369494848946,0.010209458773987157
516,0.5,-0.597657527893708,-0.599495939358452,0.0018384114647440608
517,1.0,-0.07949316512526927,-0.4402764391719347,0.36078327404666544
518,0.85,-0.4501873817896078,-0.5449588459486441,0.09477146415903626
519,0.45,-0.3480609570066928,-0.3368238067910463,-0.01123715021564653
520,0.5,-0.5155220664951377,-0.515637900363359,0.00011583386822133779
521,1.0,-0.4032945955513134,-0.5974563806093403,0.19416178505802684
522,0.85,0.02596967359309188,-0.036916327936080795,0.06288600152917267
523,0.0,-0.36398198643083957,-0.20601014306911303,-0.15797184336172654
524,0.25,-0.4894838466832079,-0.45077956018115073,-0.03870428650205715
525,1.0,-0.6007357661892825,-0.706457402744012,0.10572163655472955
526,0.55,-0.1525387135704488,-0.15831387815404074,0.005775164583591952
527,0.7,-0.2905349226074978,-0.33489365956977846,0.044358736962280654
528,0.5,-0.6528444666639528,-0.6553841792359768,0.002539712572024011
529,0.35,-0.5142998307635069,-0.49191768684346426,-0.022382143920042674
530,0.15,-0.5482409822624508,-0.47448185187290903,-0.07375913038954174
531,0.95,-0.2717820254847596,-0.4023248578862353,0.13054283240147568
532,0.35,-0.5229354800972295,-0.48473494777742243,-0.03820053231980702
533,0.25,-0.49094808657711475,-0.4568412385880666,-0.03410684798904817
534,1.0,-0.4053997419451436,-0.515798514116187,0.11039877217104344
535,0.1,-0.5970199469579285,-0.49054620570218166,-0.10647374125574682
536,0.6,-0.5745329886730985,-0.5927269828999061,0.018193994226807564
537,0.45,-0.40378353268710976,-0.3879348170235055,-0.01584871566360424
538,0.1,-0.4801166021746155,-0.4176492715250655,-0.06246733064955001
539,0.25,-0.5781523616754778,-0.5431885312202489,-0.034963830455228884
540,0.7,-0.5050153000945681,-0.5254035620811134,0.02038826198654531
541,1.0,-0.23934719689522788,-0.36435965890439914,0.12501246200917127
542,0.7,-0.43791821043570445,-0.4953501453983612,0.05743193496265675
543,0.65,-0.4306819215796909,-0.4645743060828875,0.03389238450319665
544,0.55,-0.4701927272687352,-0.47981808826834726,0.009625360999612087
545,0.0,-0.5869374969146679,-0.4939850865020776,-0.09295241041259028
546,0.3,-0.6138424474766895,-0.5536739833439199,-0.06016846413276955
547,0.7,-0.4569931255391375,-0.47237481123174474,0.015381685692607228
548,0.55,-0.5094906563165611,-0.5098824102308717,0.0003917539143105664
549,0.95,-0.40314796455354784,-0.5437268601339655,0.1405788955804177
550,0.8,-0.3748757953009385,-0.40708649081313764,0.03221069551219913
551,0.45,-0.6452288184081483,-0.631567552496809,-0.013661265911339315
552,0.9,-0.28509367808954433,-0.4589857980871128,0.17389211999756848
553,0.25,-0.5620311975527263,-0.5298344635245109,-0.032196734028215435
554,0.55,-0.26142685923382003,-0.2735008753912791,0.012074016157459067
555,1.0,-0.35096949589416604,-0.47989702612535023,0.1289275302311842
556,0.35,-0.601190703759475,-0.5684256807691809,-0.03276502299029416
557,0.45,-0.44848271045784704,-0.4344505071999165,-0.014032203257930531
558,0.9,-0.5218757680887236,-0.6187846313839579,0.0969088632952343
559,0.85,-0.28236252021000396,-0.3714066932483183,0.08904417303831436
560,0.9,-0.38588023428991236,-0.48732527018117056,0.1014450358912582
561,0.45,-0.38207144945305016,-0.37885275304086363,-0.003218696412186528
562,0.55,-0.48986425513915766,-0.5033223673750884,0.013458112235930741
563,0.7,-0.4501492864875316,-0.4872798487639016,0.037130562276370016
564,0.35,-0.5142163141042881,-0.494053553542643,-0.02016276056164512
565,0.75,-0.541975392044417,-0.5958079781514851,0.05383258610706809
566,0.35,-0.23761614243015372,-0.20886625037413376,-0.028749892056019966
567,0.85,-0.17851517379173032,-0.30863811586945367,0.13012294207772335
568,0.2,-0.6755578322842146,-0.6612912636315007,-0.014266568652713918
569,0.1,-0.5163625422562708,-0.41159267976979175,-0.10476986248647902
570,0.05,-0.4743514401740412,-0.378056249642312,-0.09629519053172919
571,0.5,-0.19330449069918032,-0.19909013462577219,0.005785643926591866
572,0.35,-0.46103819615491903,-0.4420450484591546,-0.018993147695764434
573,0.75,-0.6264611118355314,-0.6756915378952478,0.04923042605971639
574,0.65,-0.3757599836960186,-0.4459627155275764,0.07020273183155779
575,0.75,-0.45786075390740755,-0.49046667864127136,0.03260592473386381
576,0.4,-0.46602593257172553,-0.4414636403911837,-0.024562292180541845
577,1.0,-0.311054519627862,-0.5038753465568175,0.19282082692895552
578,0.95,-0.3116860018643275,-0.488362244667067,0.17667624280273952
579,0.05,-0.6178580790744808,-0.5317786905176974,-0.08607938855678332
580,0.5,-0.5140433881048392,-0.5094051878637329,-0.004638200241106283
581,0.35,-0.4298000588405484,-0.4130421392138829,-0.016757919626665507
582,0.95,-0.3515049584401235,-0.4907119008629186,0.13920694242279508
583,0.7,-0.6129036267012773,-0.6639577073657912,0.05105408066451389
584,0.85,-0.5208847633425204,-0.5981569979490025,0.07727223460648203
585,1.0,-0.35382367273578375,-0.45167786064087345,0.0978541879050897
586,0.1,-0.5436934524433394,-0.47102448259911633,-0.07266896984422311
587,1.0,-0.16378682759435437,-0.3849424410839154,0.22115561348956103
588,0.95,-0.38963447610189683,-0.5249034293706223,0.13526895326872546
589,0.85,-0.5257347156551511,-0.586278886954833,0.060544171299681926
590,0.65,-0.4125480839508826,-0.4286705457612856,0.016122461810403
591,1.0,-0.4624482095099147,-0.5773923550331437,0.11494414552322896
592,0.4,-0.4001783648107027,-0.38524796802735517,-0.01493039678334751
593,0.95,-0.3134219170011976,-0.46359876201893435,0.15017684501773676
594,0.45,-0.4973188841068459,-0.474189846159359,-0.023129037947486886
595,0.25,-0.520599259169102,-0.48414134878243054,-0.036457910386671455
596,0.0,-0.7177843335689487,-0.5488458280415257,-0.16893850552742296
597,0.2,-0.6095804461879717,-0.5604944109371509,-0.04908603525082078
598,0.15,-0.5023609799808699,-0.4333097578665035,-0.06905122211436643
599,0.15,-0.4153748741169756,-0.3618242362818551,-0.053550637835120485
600,0.5,-0.590002702719429,-0.5833805941696792,-0.006622108549749761
601,0.15,-0.5756904399315754,-0.5100380534849988,-0.06565238644657667
602,0.25,-0.3871945890870063,-0.3429164160350491,-0.04427817305195725
603,0.95,-0.44849900082989236,-0.5310625005790695,0.0825634997491771
604,0.65,-0.5886919799868706,-0.6086646815340615,0.019972701547190885
605,0.3,-0.6452237620562147,-0.5922948676029278,-0.05292889445328686
606,0.55,-0.4538221242240461,-0.4654321815424677,0.011610057318421574
607,0.55,-0.4266592802741307,-0.45028018617858623,0.023620905904455536
608,0.7,-0.4146514703409627,-0.4601716238965976,0.04552015355563488
609,0.7,-0.4864969214379673,-0.5554435505261826,0.06894662908821525
610,0.35,-0.5211021080285732,-0.49224393782724785,-0.028858170201325306
611,0.35,-0.5370826950407026,-0.5056788556428459,-0.031403839397856737
612,0.75,-0.3006412976334598,-0.40094264715486794,0.10030134952140812
613,0.3,-0.5658335779708572,-0.5077644521662912,-0.058069125804566024
614,0.7,-0.4155370651576027,-0.4514306172588589,0.03589355210125622
615,0.95,-0.5258262604187833,-0.6180319051916725,0.09220564477288917
616,0.55,-0.5315960215214881,-0.5415358897201838,0.009939868198695745
617,0.15,-0.6008437699116722,-0.5661402433538323,-0.034703526557839925
618,0.15,-0.5514117482337264,-0.4816077337589808,-0.0698040144747456
619,0.4,-0.3994828880686323,-0.3901309060707101,-0.009351981997922199
620,0.3,-0.6099780711368172,-0.5510819168656909,-0.05889615427112638
621,0.85,-0.4655948992432686,-0.5428778242104227,0.07728292496715417
622,0.75,-0.5945817526525483,-0.6288135296643825,0.03423177701183422
623,0.95,-0.31611845468059085,-0.36427679082298225,0.0481583361423914
624,1.0,-0.3933444624175537,-0.6030046886428753,0.20966022622532154
625,0.35,-0.3647303578768746,-0.35605019992015485,-0.008680157956719725
626,0.6,-0.5336149503434617,-0.5745905430357622,0.040975592692300444
627,0.3,-0.4220283104609337,-0.3831231405042519,-0.03890516995668181
628,0.85,-0.4368716671334225,-0.5091672925757966,0.07229562544237411
629,0.65,-0.4643404506954685,-0.4968939354030443,0.0325534847075758
630,1.0,-0.3933906396925202,-0.5437647134448511,0.15037407375233092
631,0.2,-0.48891675304338245,-0.3929386282536196,-0.09597812478976286
632,0.65,-0.45656410735342057,-0.48961891539824665,0.03305480804482608
633,0.0,-0.8056450308021716,-0.5653581541648423,-0.2402868766373294
634,0.95,-0.3203286284965823,-0.4603611122683009,0.14003248377171862
635,0.45,-0.36669629545934623,-0.33074565636661923,-0.035950639092727
636,0.0,-0.6078559596286497,-0.4375498847545455,-0.1703060748741042
637,0.65,-0.5083461960440538,-0.5419612212775196,0.03361502523346571
638,0.4,-0.4481261213410055,-0.43184334245470724,-0.016282778886298255
639,1.0,-0.48802898319206145,-0.608323771710773,0.12029478851871156
640,0.75,-0.31222510017079674,-0.3334404247084004,0.021215324537603664
641,0.45,-0.48802796355725997,-0.48024464262256916,-0.007783320934690807
642,0.2,-0.5568413376121601,-0.5227148540302259,-0.034126483581934264
643,0.35,-0.5723934449679509,-0.47935129156873013,-0.09304215339922073
644,0.95,-0.3892351336527542,-0.5552163006940881,0.16598116704133392
645,0.7,-0.36431952049069305,-0.40208262155037267,0.037763101059679616
646,0.5,-0.5029486594497148,-0.5006306498954525,-0.0023180095542623125
647,0.8,-0.35160750649899364,-0.4314124512244334,0.07980494472543975
648,0.65,-0.5338214146313045,-0.5627939579474361,0.028972543316131638
649,0.9,-0.45958246904742817,-0.5454816098312858,0.08589914078385763
650,0.95,-0.41678307326802244,-0.5186661180572864,0.10188304478926391
651,1.0,-0.2654629605541252,-0.47465917556931636,0.20919621501519114
652,0.05,-0.5794107095815135,-0.4717106688231706,-0.10770004075834294
653,0.0,-0.5796688637932965,-0.4714220015228088,-0.10824686227048774
654,0.45,-0.6193859503721275,-0.6085767560202946,-0.010809194351832918
655,0.65,-0.4486750681056939,-0.47226356949079085,0.02358850138509694
656,0.75,-0.46487627340151905,-0.5362862225917038,0.07140994919018473
657,0.7,-0.23897448590495962,-0.28902927747221463,0.05005479156725501
658,0.3,-0.6312377057673522,-0.6036369562613627,-0.027600749505989453
659,1.0,-0.17370529636683574,-0.4890027563923084,0.31529746002547265
660,0.55,-0.6104444575259866,-0.6324620832986376,0.022017625772650984
661,0.95,-0.18183946436032428,-0.27262554227780866,0.09078607791748439
662,0.0,-0.5342707661191475,-0.4338639775646862,-0.10040678855446128
663,0.8,-0.413345586104231,-0.4511458318051288,0.037800245700897794
664,0.85,-0.4828340279565766,-0.5638858008097447,0.08105177285316811
