config_id,source_i,max_abs_error,speed_abs_error,acceleration_abs_error,turn_change_abs_error,density_scale_change_abs_error,diffusion_step_abs_error,pass
d119_knn10,1,0.0,0.0,0.0,0.0,0.0,0.0,True
d119_knn10,166,0.0,0.0,0.0,0.0,0.0,0.0,True
d119_knn10,332,0.0,0.0,0.0,0.0,0.0,0.0,True
d119_knn10,498,0.0,0.0,0.0,0.0,0.0,0.0,True
d119_knn10,664,2.220446049250313e-16,0.0,0.0,2.220446049250313e-16,0.0,0.0,True
d119_knn20,1,0.0,0.0,0.0,0.0,0.0,0.0,True
d119_knn20,166,0.0,0.0,0.0,0.0,0.0,0.0,True
d119_knn20,332,0.0,0.0,0.0,0.0,0.0,0.0,True
d119_knn20,498,0.0,0.0,0.0,0.0,0.0,0.0,True
d119_knn20,664,2.220446049250313e-16,0.0,0.0,2.220446049250313e-16,0.0,0.0,True
d119_knn30,1,0.0,0.0,0.0,0.0,0.0,0.0,True
d119_knn30,166,0.0,0.0,0.0,0.0,0.0,0.0,True
d119_knn30,332,0.0,0.0,0.0,0.0,0.0,0.0,True
d119_knn30,498,0.0,0.0,0.0,0.0,0.0,0.0,True
d119_knn30,664,2.220446049250313e-16,0.0,0.0,2.220446049250313e-16,0.0,0.0,True
d128_knn10,1,2.220446049250313e-16,0.0,0.0,2.220446049250313e-16,0.0,0.0,True
d128_knn10,166,0.0,0.0,0.0,0.0,0.0,0.0,True
d128_knn10,332,0.0,0.0,0.0,0.0,0.0,0.0,True
d128_knn10,498,0.0,0.0,0.0,0.0,0.0,0.0,True
d128_knn10,664,0.0,0.0,0.0,0.0,0.0,0.0,True
d128_knn20,1,2.220446049250313e-16,0.0,0.0,2.220446049250313e-16,0.0,0.0,True
d128_knn20,166,0.0,0.0,0.0,0.0,0.0,0.0,True
d128_knn20,332,0.0,0.0,0.0,0.0,0.0,0.0,True
d128_knn20,498,0.0,0.0,0.0,0.0,0.0,0.0,True
d128_knn20,664,0.0,0.0,0.0,0.0,0.0,0.0,True
d128_knn30,1,2.220446049250313e-16,0.0,0.0,2.220446049250313e-16,0.0,0.0,True
d128_knn30,166,0.0,0.0,0.0,0.0,0.0,0.0,True
d128_knn30,332,0.0,0.0,0.0,0.0,0.0,0.0,True
d128_knn30,498,0.0,0.0,0.0,0.0,0.0,0.0,True
d128_knn30,664,0.0,0.0,0.0,0.0,0.0,0.0,True
d162_knn10,1,0.0,0.0,0.0,0.0,0.0,0.0,True
d162_knn10,166,0.0,0.0,0.0,0.0,0.0,0.0,True
d162_knn10,332,0.0,0.0,0.0,0.0,0.0,0.0,True
d162_knn10,498,0.0,0.0,0.0,0.0,0.0,0.0,True
d162_knn10,664,2.220446049250313e-16,0.0,0.0,2.220446049250313e-16,0.0,0.0,True
d162_knn20,1,0.0,0.0,0.0,0.0,0.0,0.0,True
d162_knn20,166,0.0,0.0,0.0,0.0,0.0,0.0,True
d162_knn20,332,0.0,0.0,0.0,0.0,0.0,0.0,True
d162_knn20,498,0.0,0.0,0.0,0.0,0.0,0.0,True
d162_knn20,664,2.220446049250313e-16,0.0,0.0,2.220446049250313e-16,0.0,0.0,True
d162_knn30,1,0.0,0.0,0.0,0.0,0.0,0.0,True
d162_knn30,166,0.0,0.0,0.0,0.0,0.0,0.0,True
d162_knn30,332,0.0,0.0,0.0,0.0,0.0,0.0,True
d162_knn30,498,0.0,0.0,0.0,0.0,0.0,0.0,True
d162_knn30,664,2.220446049250313e-16,0.0,0.0,2.220446049250313e-16,0.0,0.0,True
d66_knn10,1,0.0,0.0,0.0,0.0,0.0,0.0,True
d66_knn10,166,0.0,0.0,0.0,0.0,0.0,0.0,True
d66_knn10,332,0.0,0.0,0.0,0.0,0.0,0.0,True
d66_knn10,498,0.0,0.0,0.0,0.0,0.0,0.0,True
d66_knn10,664,2.220446049250313e-16,0.0,0.0,2.220446049250313e-16,0.0,0.0,True
d66_knn20,1,0.0,0.0,0.0,0.0,0.0,0.0,True
d66_knn20,166,0.0,0.0,0.0,0.0,0.0,0.0,True
d66_knn20,332,0.0,0.0,0.0,0.0,0.0,0.0,True
d66_knn20,498,0.0,0.0,0.0,0.0,0.0,0.0,True
d66_knn20,664,2.220446049250313e-16,0.0,0.0,2.220446049250313e-16,0.0,0.0,True
d66_knn30,1,0.0,0.0,0.0,0.0,0.0,0.0,True
d66_knn30,166,0.0,0.0,0.0,0.0,0.0,0.0,True
d66_knn30,332,0.0,0.0,0.0,0.0,0.0,0.0,True
d66_knn30,498,0.0,0.0,0.0,0.0,0.0,0.0,True
d66_knn30,664,2.220446049250313e-16,0.0,0.0,2.220446049250313e-16,0.0,0.0,True
d96_knn10,1,0.0,0.0,0.0,0.0,0.0,0.0,True
d96_knn10,166,0.0,0.0,0.0,0.0,0.0,0.0,True
d96_knn10,332,0.0,0.0,0.0,0.0,0.0,0.0,True
d96_knn10,498,0.0,0.0,0.0,0.0,0.0,0.0,True
d96_knn10,664,0.0,0.0,0.0,0.0,0.0,0.0,True
d96_knn20,1,0.0,0.0,0.0,0.0,0.0,0.0,True
d96_knn20,166,0.0,0.0,0.0,0.0,0.0,0.0,True
d96_knn20,332,0.0,0.0,0.0,0.0,0.0,0.0,True
d96_knn20,498,0.0,0.0,0.0,0.0,0.0,0.0,True
d96_knn20,664,0.0,0.0,0.0,0.0,0.0,0.0,True
d96_knn30,1,0.0,0.0,0.0,0.0,0.0,0.0,True
d96_knn30,166,0.0,0.0,0.0,0.0,0.0,0.0,True
d96_knn30,332,0.0,0.0,0.0,0.0,0.0,0.0,True
d96_knn30,498,0.0,0.0,0.0,0.0,0.0,0.0,True
d96_knn30,664,0.0,0.0,0.0,0.0,0.0,0.0,True
