offset_range_index,source_original_index,range_name,start_segment,end_segment,window_length,offset_segments,identical_to_original_window
0,0,range_000026-000225,26,225,200,25,False
1,1,range_000176-000375,176,375,200,25,False
2,2,range_000326-000525,326,525,200,25,False
3,3,range_000476-000675,476,675,200,25,False
4,4,range_000626-000825,626,825,200,25,False
5,5,range_000776-000975,776,975,200,25,False
6,6,range_000926-001125,926,1125,200,25,False
7,7,range_001076-001275,1076,1275,200,25,False
8,8,range_001226-001425,1226,1425,200,25,False
9,9,range_001376-001575,1376,1575,200,25,False
10,10,range_001526-001725,1526,1725,200,25,False
11,11,range_001676-001875,1676,1875,200,25,False
12,12,range_001826-002025,1826,2025,200,25,False
13,13,range_001976-002175,1976,2175,200,25,False
14,14,range_002126-002325,2126,2325,200,25,False
15,15,range_002276-002475,2276,2475,200,25,False
16,16,range_002426-002625,2426,2625,200,25,False
17,17,range_002576-002775,2576,2775,200,25,False
18,18,range_002726-002925,2726,2925,200,25,False
19,19,range_002876-003075,2876,3075,200,25,False
20,20,range_003026-003225,3026,3225,200,25,False
21,21,range_003176-003375,3176,3375,200,25,False
22,22,range_003326-003525,3326,3525,200,25,False
23,23,range_003476-003675,3476,3675,200,25,False
24,24,range_003626-003825,3626,3825,200,25,False
25,25,range_003776-003975,3776,3975,200,25,False
26,26,range_003926-004125,3926,4125,200,25,False
27,27,range_004076-004275,4076,4275,200,25,False
28,28,range_004226-004425,4226,4425,200,25,False
29,29,range_004376-004575,4376,4575,200,25,False
30,30,range_004526-004725,4526,4725,200,25,False
31,31,range_004676-004875,4676,4875,200,25,False
32,32,range_004826-005025,4826,5025,200,25,False
33,33,range_004976-005175,4976,5175,200,25,False
34,34,range_005126-005325,5126,5325,200,25,False
35,35,range_005276-005475,5276,5475,200,25,False
36,36,range_005426-005625,5426,5625,200,25,False
37,37,range_005576-005775,5576,5775,200,25,False
38,38,range_005726-005925,5726,5925,200,25,False
39,39,range_005876-006075,5876,6075,200,25,False
40,40,range_006026-006225,6026,6225,200,25,False
41,41,range_006176-006375,6176,6375,200,25,False
42,42,range_006326-006525,6326,6525,200,25,False
43,43,range_006476-006675,6476,6675,200,25,False
44,44,range_006626-006825,6626,6825,200,25,False
45,45,range_006776-006975,6776,6975,200,25,False
46,46,range_006926-007125,6926,7125,200,25,False
47,47,range_007076-007275,7076,7275,200,25,False
48,48,range_007226-007425,7226,7425,200,25,False
49,49,range_007376-007575,7376,7575,200,25,False
50,50,range_007526-007725,7526,7725,200,25,False
51,51,range_007676-007875,7676,7875,200,25,False
52,52,range_007826-008025,7826,8025,200,25,False
53,53,range_007976-008175,7976,8175,200,25,False
54,54,range_008126-008325,8126,8325,200,25,False
55,55,range_008276-008475,8276,8475,200,25,False
56,56,range_008426-008625,8426,8625,200,25,False
57,57,range_008576-008775,8576,8775,200,25,False
58,58,range_008726-008925,8726,8925,200,25,False
59,59,range_008876-009075,8876,9075,200,25,False
60,60,range_009026-009225,9026,9225,200,25,False
61,61,range_009176-009375,9176,9375,200,25,False
62,62,range_009326-009525,9326,9525,200,25,False
63,63,range_009476-009675,9476,9675,200,25,False
64,64,range_009626-009825,9626,9825,200,25,False
65,65,range_009776-009975,9776,9975,200,25,False
66,66,range_009926-010125,9926,10125,200,25,False
67,67,range_010076-010275,10076,10275,200,25,False
68,68,range_010226-010425,10226,10425,200,25,False
69,69,range_010376-010575,10376,10575,200,25,False
70,70,range_010526-010725,10526,10725,200,25,False
71,71,range_010676-010875,10676,10875,200,25,False
72,72,range_010826-011025,10826,11025,200,25,False
73,73,range_010976-011175,10976,11175,200,25,False
74,74,range_011126-011325,11126,11325,200,25,False
75,75,range_011276-011475,11276,11475,200,25,False
76,76,range_011426-011625,11426,11625,200,25,False
77,77,range_011576-011775,11576,11775,200,25,False
78,78,range_011726-011925,11726,11925,200,25,False
79,79,range_011876-012075,11876,12075,200,25,False
80,80,range_012026-012225,12026,12225,200,25,False
81,81,range_012176-012375,12176,12375,200,25,False
82,82,range_012326-012525,12326,12525,200,25,False
83,83,range_012476-012675,12476,12675,200,25,False
84,84,range_012626-012825,12626,12825,200,25,False
85,85,range_012776-012975,12776,12975,200,25,False
86,86,range_012926-013125,12926,13125,200,25,False
87,87,range_013076-013275,13076,13275,200,25,False
88,88,range_013226-013425,13226,13425,200,25,False
89,89,range_013376-013575,13376,13575,200,25,False
90,90,range_013526-013725,13526,13725,200,25,False
91,91,range_013676-013875,13676,13875,200,25,False
92,92,range_013826-014025,13826,14025,200,25,False
93,93,range_013976-014175,13976,14175,200,25,False
94,94,range_014126-014325,14126,14325,200,25,False
95,95,range_014276-014475,14276,14475,200,25,False
96,96,range_014426-014625,14426,14625,200,25,False
97,97,range_014576-014775,14576,14775,200,25,False
98,98,range_014726-014925,14726,14925,200,25,False
99,99,range_014876-015075,14876,15075,200,25,False
100,100,range_015026-015225,15026,15225,200,25,False
101,101,range_015176-015375,15176,15375,200,25,False
102,102,range_015326-015525,15326,15525,200,25,False
103,103,range_015476-015675,15476,15675,200,25,False
104,104,range_015626-015825,15626,15825,200,25,False
105,105,range_015776-015975,15776,15975,200,25,False
106,106,range_015926-016125,15926,16125,200,25,False
107,107,range_016076-016275,16076,16275,200,25,False
108,108,range_016226-016425,16226,16425,200,25,False
109,109,range_016376-016575,16376,16575,200,25,False
110,110,range_016526-016725,16526,16725,200,25,False
111,111,range_016676-016875,16676,16875,200,25,False
112,112,range_016826-017025,16826,17025,200,25,False
113,113,range_016976-017175,16976,17175,200,25,False
114,114,range_017126-017325,17126,17325,200,25,False
115,115,range_017276-017475,17276,17475,200,25,False
116,116,range_017426-017625,17426,17625,200,25,False
117,117,range_017576-017775,17576,17775,200,25,False
118,118,range_017726-017925,17726,17925,200,25,False
119,119,range_017876-018075,17876,18075,200,25,False
120,120,range_018026-018225,18026,18225,200,25,False
121,121,range_018176-018375,18176,18375,200,25,False
122,122,range_018326-018525,18326,18525,200,25,False
123,123,range_018476-018675,18476,18675,200,25,False
124,124,range_018626-018825,18626,18825,200,25,False
125,125,range_018776-018975,18776,18975,200,25,False
126,126,range_018926-019125,18926,19125,200,25,False
127,127,range_019076-019275,19076,19275,200,25,False
128,128,range_019226-019425,19226,19425,200,25,False
129,129,range_019376-019575,19376,19575,200,25,False
130,130,range_019526-019725,19526,19725,200,25,False
131,131,range_019676-019875,19676,19875,200,25,False
132,132,range_019826-020025,19826,20025,200,25,False
133,133,range_019976-020175,19976,20175,200,25,False
134,134,range_020126-020325,20126,20325,200,25,False
135,135,range_020276-020475,20276,20475,200,25,False
136,136,range_020426-020625,20426,20625,200,25,False
137,137,range_020576-020775,20576,20775,200,25,False
138,138,range_020726-020925,20726,20925,200,25,False
139,139,range_020876-021075,20876,21075,200,25,False
140,140,range_021026-021225,21026,21225,200,25,False
141,141,range_021176-021375,21176,21375,200,25,False
142,142,range_021326-021525,21326,21525,200,25,False
143,143,range_021476-021675,21476,21675,200,25,False
144,144,range_021626-021825,21626,21825,200,25,False
145,145,range_021776-021975,21776,21975,200,25,False
146,146,range_021926-022125,21926,22125,200,25,False
147,147,range_022076-022275,22076,22275,200,25,False
148,148,range_022226-022425,22226,22425,200,25,False
149,149,range_022376-022575,22376,22575,200,25,False
150,150,range_022526-022725,22526,22725,200,25,False
151,151,range_022676-022875,22676,22875,200,25,False
152,152,range_022826-023025,22826,23025,200,25,False
153,153,range_022976-023175,22976,23175,200,25,False
154,154,range_023126-023325,23126,23325,200,25,False
155,155,range_023276-023475,23276,23475,200,25,False
156,156,range_023426-023625,23426,23625,200,25,False
157,157,range_023576-023775,23576,23775,200,25,False
158,158,range_023726-023925,23726,23925,200,25,False
159,159,range_023876-024075,23876,24075,200,25,False
160,160,range_024026-024225,24026,24225,200,25,False
161,161,range_024176-024375,24176,24375,200,25,False
162,162,range_024326-024525,24326,24525,200,25,False
163,163,range_024476-024675,24476,24675,200,25,False
164,164,range_024626-024825,24626,24825,200,25,False
165,165,range_024776-024975,24776,24975,200,25,False
166,166,range_024926-025125,24926,25125,200,25,False
167,167,range_025076-025275,25076,25275,200,25,False
168,168,range_025226-025425,25226,25425,200,25,False
169,169,range_025376-025575,25376,25575,200,25,False
170,170,range_025526-025725,25526,25725,200,25,False
171,171,range_025676-025875,25676,25875,200,25,False
172,172,range_025826-026025,25826,26025,200,25,False
173,173,range_025976-026175,25976,26175,200,25,False
174,174,range_026126-026325,26126,26325,200,25,False
175,175,range_026276-026475,26276,26475,200,25,False
176,176,range_026426-026625,26426,26625,200,25,False
177,177,range_026576-026775,26576,26775,200,25,False
178,178,range_026726-026925,26726,26925,200,25,False
179,179,range_026876-027075,26876,27075,200,25,False
180,180,range_027026-027225,27026,27225,200,25,False
181,181,range_027176-027375,27176,27375,200,25,False
182,182,range_027326-027525,27326,27525,200,25,False
183,183,range_027476-027675,27476,27675,200,25,False
184,184,range_027626-027825,27626,27825,200,25,False
185,185,range_027776-027975,27776,27975,200,25,False
186,186,range_027926-028125,27926,28125,200,25,False
187,187,range_028076-028275,28076,28275,200,25,False
188,188,range_028226-028425,28226,28425,200,25,False
189,189,range_028376-028575,28376,28575,200,25,False
190,190,range_028526-028725,28526,28725,200,25,False
191,191,range_028676-028875,28676,28875,200,25,False
192,192,range_028826-029025,28826,29025,200,25,False
193,193,range_028976-029175,28976,29175,200,25,False
194,194,range_029126-029325,29126,29325,200,25,False
195,195,range_029276-029475,29276,29475,200,25,False
196,196,range_029426-029625,29426,29625,200,25,False
197,197,range_029576-029775,29576,29775,200,25,False
198,198,range_029726-029925,29726,29925,200,25,False
199,199,range_029876-030075,29876,30075,200,25,False
200,200,range_030026-030225,30026,30225,200,25,False
201,201,range_030176-030375,30176,30375,200,25,False
202,202,range_030326-030525,30326,30525,200,25,False
203,203,range_030476-030675,30476,30675,200,25,False
204,204,range_030626-030825,30626,30825,200,25,False
205,205,range_030776-030975,30776,30975,200,25,False
206,206,range_030926-031125,30926,31125,200,25,False
207,207,range_031076-031275,31076,31275,200,25,False
208,208,range_031226-031425,31226,31425,200,25,False
209,209,range_031376-031575,31376,31575,200,25,False
210,210,range_031526-031725,31526,31725,200,25,False
211,211,range_031676-031875,31676,31875,200,25,False
212,212,range_031826-032025,31826,32025,200,25,False
213,213,range_031976-032175,31976,32175,200,25,False
214,214,range_032126-032325,32126,32325,200,25,False
215,215,range_032276-032475,32276,32475,200,25,False
216,216,range_032426-032625,32426,32625,200,25,False
217,217,range_032576-032775,32576,32775,200,25,False
218,218,range_032726-032925,32726,32925,200,25,False
219,219,range_032876-033075,32876,33075,200,25,False
220,220,range_033026-033225,33026,33225,200,25,False
221,221,range_033176-033375,33176,33375,200,25,False
222,222,range_033326-033525,33326,33525,200,25,False
223,223,range_033476-033675,33476,33675,200,25,False
224,224,range_033626-033825,33626,33825,200,25,False
225,225,range_033776-033975,33776,33975,200,25,False
226,226,range_033926-034125,33926,34125,200,25,False
227,227,range_034076-034275,34076,34275,200,25,False
228,228,range_034226-034425,34226,34425,200,25,False
229,229,range_034376-034575,34376,34575,200,25,False
230,230,range_034526-034725,34526,34725,200,25,False
231,231,range_034676-034875,34676,34875,200,25,False
232,232,range_034826-035025,34826,35025,200,25,False
233,233,range_034976-035175,34976,35175,200,25,False
234,234,range_035126-035325,35126,35325,200,25,False
235,235,range_035276-035475,35276,35475,200,25,False
236,236,range_035426-035625,35426,35625,200,25,False
237,237,range_035576-035775,35576,35775,200,25,False
238,238,range_035726-035925,35726,35925,200,25,False
239,239,range_035876-036075,35876,36075,200,25,False
240,240,range_036026-036225,36026,36225,200,25,False
241,241,range_036176-036375,36176,36375,200,25,False
242,242,range_036326-036525,36326,36525,200,25,False
243,243,range_036476-036675,36476,36675,200,25,False
244,244,range_036626-036825,36626,36825,200,25,False
245,245,range_036776-036975,36776,36975,200,25,False
246,246,range_036926-037125,36926,37125,200,25,False
247,247,range_037076-037275,37076,37275,200,25,False
248,248,range_037226-037425,37226,37425,200,25,False
249,249,range_037376-037575,37376,37575,200,25,False
250,250,range_037526-037725,37526,37725,200,25,False
251,251,range_037676-037875,37676,37875,200,25,False
252,252,range_037826-038025,37826,38025,200,25,False
253,253,range_037976-038175,37976,38175,200,25,False
254,254,range_038126-038325,38126,38325,200,25,False
255,255,range_038276-038475,38276,38475,200,25,False
256,256,range_038426-038625,38426,38625,200,25,False
257,257,range_038576-038775,38576,38775,200,25,False
258,258,range_038726-038925,38726,38925,200,25,False
259,259,range_038876-039075,38876,39075,200,25,False
260,260,range_039026-039225,39026,39225,200,25,False
261,261,range_039176-039375,39176,39375,200,25,False
262,262,range_039326-039525,39326,39525,200,25,False
263,263,range_039476-039675,39476,39675,200,25,False
264,264,range_039626-039825,39626,39825,200,25,False
265,265,range_039776-039975,39776,39975,200,25,False
266,266,range_039926-040125,39926,40125,200,25,False
267,267,range_040076-040275,40076,40275,200,25,False
268,268,range_040226-040425,40226,40425,200,25,False
269,269,range_040376-040575,40376,40575,200,25,False
270,270,range_040526-040725,40526,40725,200,25,False
271,271,range_040676-040875,40676,40875,200,25,False
272,272,range_040826-041025,40826,41025,200,25,False
273,273,range_040976-041175,40976,41175,200,25,False
274,274,range_041126-041325,41126,41325,200,25,False
275,275,range_041276-041475,41276,41475,200,25,False
276,276,range_041426-041625,41426,41625,200,25,False
277,277,range_041576-041775,41576,41775,200,25,False
278,278,range_041726-041925,41726,41925,200,25,False
279,279,range_041876-042075,41876,42075,200,25,False
280,280,range_042026-042225,42026,42225,200,25,False
281,281,range_042176-042375,42176,42375,200,25,False
282,282,range_042326-042525,42326,42525,200,25,False
283,283,range_042476-042675,42476,42675,200,25,False
284,284,range_042626-042825,42626,42825,200,25,False
285,285,range_042776-042975,42776,42975,200,25,False
286,286,range_042926-043125,42926,43125,200,25,False
287,287,range_043076-043275,43076,43275,200,25,False
288,288,range_043226-043425,43226,43425,200,25,False
289,289,range_043376-043575,43376,43575,200,25,False
290,290,range_043526-043725,43526,43725,200,25,False
291,291,range_043676-043875,43676,43875,200,25,False
292,292,range_043826-044025,43826,44025,200,25,False
293,293,range_043976-044175,43976,44175,200,25,False
294,294,range_044126-044325,44126,44325,200,25,False
295,295,range_044276-044475,44276,44475,200,25,False
296,296,range_044426-044625,44426,44625,200,25,False
297,297,range_044576-044775,44576,44775,200,25,False
298,298,range_044726-044925,44726,44925,200,25,False
299,299,range_044876-045075,44876,45075,200,25,False
300,300,range_045026-045225,45026,45225,200,25,False
301,301,range_045176-045375,45176,45375,200,25,False
302,302,range_045326-045525,45326,45525,200,25,False
303,303,range_045476-045675,45476,45675,200,25,False
304,304,range_045626-045825,45626,45825,200,25,False
305,305,range_045776-045975,45776,45975,200,25,False
306,306,range_045926-046125,45926,46125,200,25,False
307,307,range_046076-046275,46076,46275,200,25,False
308,308,range_046226-046425,46226,46425,200,25,False
309,309,range_046376-046575,46376,46575,200,25,False
310,310,range_046526-046725,46526,46725,200,25,False
311,311,range_046676-046875,46676,46875,200,25,False
312,312,range_046826-047025,46826,47025,200,25,False
313,313,range_046976-047175,46976,47175,200,25,False
314,314,range_047126-047325,47126,47325,200,25,False
315,315,range_047276-047475,47276,47475,200,25,False
316,316,range_047426-047625,47426,47625,200,25,False
317,317,range_047576-047775,47576,47775,200,25,False
318,318,range_047726-047925,47726,47925,200,25,False
319,319,range_047876-048075,47876,48075,200,25,False
320,320,range_048026-048225,48026,48225,200,25,False
321,321,range_048176-048375,48176,48375,200,25,False
322,322,range_048326-048525,48326,48525,200,25,False
323,323,range_048476-048675,48476,48675,200,25,False
324,324,range_048626-048825,48626,48825,200,25,False
325,325,range_048776-048975,48776,48975,200,25,False
326,326,range_048926-049125,48926,49125,200,25,False
327,327,range_049076-049275,49076,49275,200,25,False
328,328,range_049226-049425,49226,49425,200,25,False
329,329,range_049376-049575,49376,49575,200,25,False
330,330,range_049526-049725,49526,49725,200,25,False
331,331,range_049676-049875,49676,49875,200,25,False
332,332,range_049826-050025,49826,50025,200,25,False
333,333,range_049976-050175,49976,50175,200,25,False
334,334,range_050126-050325,50126,50325,200,25,False
335,335,range_050276-050475,50276,50475,200,25,False
336,336,range_050426-050625,50426,50625,200,25,False
337,337,range_050576-050775,50576,50775,200,25,False
338,338,range_050726-050925,50726,50925,200,25,False
339,339,range_050876-051075,50876,51075,200,25,False
340,340,range_051026-051225,51026,51225,200,25,False
341,341,range_051176-051375,51176,51375,200,25,False
342,342,range_051326-051525,51326,51525,200,25,False
343,343,range_051476-051675,51476,51675,200,25,False
344,344,range_051626-051825,51626,51825,200,25,False
345,345,range_051776-051975,51776,51975,200,25,False
346,346,range_051926-052125,51926,52125,200,25,False
347,347,range_052076-052275,52076,52275,200,25,False
348,348,range_052226-052425,52226,52425,200,25,False
349,349,range_052376-052575,52376,52575,200,25,False
350,350,range_052526-052725,52526,52725,200,25,False
351,351,range_052676-052875,52676,52875,200,25,False
352,352,range_052826-053025,52826,53025,200,25,False
353,353,range_052976-053175,52976,53175,200,25,False
354,354,range_053126-053325,53126,53325,200,25,False
355,355,range_053276-053475,53276,53475,200,25,False
356,356,range_053426-053625,53426,53625,200,25,False
357,357,range_053576-053775,53576,53775,200,25,False
358,358,range_053726-053925,53726,53925,200,25,False
359,359,range_053876-054075,53876,54075,200,25,False
360,360,range_054026-054225,54026,54225,200,25,False
361,361,range_054176-054375,54176,54375,200,25,False
362,362,range_054326-054525,54326,54525,200,25,False
363,363,range_054476-054675,54476,54675,200,25,False
364,364,range_054626-054825,54626,54825,200,25,False
365,365,range_054776-054975,54776,54975,200,25,False
366,366,range_054926-055125,54926,55125,200,25,False
367,367,range_055076-055275,55076,55275,200,25,False
368,368,range_055226-055425,55226,55425,200,25,False
369,369,range_055376-055575,55376,55575,200,25,False
370,370,range_055526-055725,55526,55725,200,25,False
371,371,range_055676-055875,55676,55875,200,25,False
372,372,range_055826-056025,55826,56025,200,25,False
373,373,range_055976-056175,55976,56175,200,25,False
374,374,range_056126-056325,56126,56325,200,25,False
375,375,range_056276-056475,56276,56475,200,25,False
376,376,range_056426-056625,56426,56625,200,25,False
377,377,range_056576-056775,56576,56775,200,25,False
378,378,range_056726-056925,56726,56925,200,25,False
379,379,range_056876-057075,56876,57075,200,25,False
380,380,range_057026-057225,57026,57225,200,25,False
381,381,range_057176-057375,57176,57375,200,25,False
382,382,range_057326-057525,57326,57525,200,25,False
383,383,range_057476-057675,57476,57675,200,25,False
384,384,range_057626-057825,57626,57825,200,25,False
385,385,range_057776-057975,57776,57975,200,25,False
386,386,range_057926-058125,57926,58125,200,25,False
387,387,range_058076-058275,58076,58275,200,25,False
388,388,range_058226-058425,58226,58425,200,25,False
389,389,range_058376-058575,58376,58575,200,25,False
390,390,range_058526-058725,58526,58725,200,25,False
391,391,range_058676-058875,58676,58875,200,25,False
392,392,range_058826-059025,58826,59025,200,25,False
393,393,range_058976-059175,58976,59175,200,25,False
394,394,range_059126-059325,59126,59325,200,25,False
395,395,range_059276-059475,59276,59475,200,25,False
396,396,range_059426-059625,59426,59625,200,25,False
397,397,range_059576-059775,59576,59775,200,25,False
398,398,range_059726-059925,59726,59925,200,25,False
399,399,range_059876-060075,59876,60075,200,25,False
400,400,range_060026-060225,60026,60225,200,25,False
401,401,range_060176-060375,60176,60375,200,25,False
402,402,range_060326-060525,60326,60525,200,25,False
403,403,range_060476-060675,60476,60675,200,25,False
404,404,range_060626-060825,60626,60825,200,25,False
405,405,range_060776-060975,60776,60975,200,25,False
406,406,range_060926-061125,60926,61125,200,25,False
407,407,range_061076-061275,61076,61275,200,25,False
408,408,range_061226-061425,61226,61425,200,25,False
409,409,range_061376-061575,61376,61575,200,25,False
410,410,range_061526-061725,61526,61725,200,25,False
411,411,range_061676-061875,61676,61875,200,25,False
412,412,range_061826-062025,61826,62025,200,25,False
413,413,range_061976-062175,61976,62175,200,25,False
414,414,range_062126-062325,62126,62325,200,25,False
415,415,range_062276-062475,62276,62475,200,25,False
416,416,range_062426-062625,62426,62625,200,25,False
417,417,range_062576-062775,62576,62775,200,25,False
418,418,range_062726-062925,62726,62925,200,25,False
419,419,range_062876-063075,62876,63075,200,25,False
420,420,range_063026-063225,63026,63225,200,25,False
421,421,range_063176-063375,63176,63375,200,25,False
422,422,range_063326-063525,63326,63525,200,25,False
423,423,range_063476-063675,63476,63675,200,25,False
424,424,range_063626-063825,63626,63825,200,25,False
425,425,range_063776-063975,63776,63975,200,25,False
426,426,range_063926-064125,63926,64125,200,25,False
427,427,range_064076-064275,64076,64275,200,25,False
428,428,range_064226-064425,64226,64425,200,25,False
429,429,range_064376-064575,64376,64575,200,25,False
430,430,range_064526-064725,64526,64725,200,25,False
431,431,range_064676-064875,64676,64875,200,25,False
432,432,range_064826-065025,64826,65025,200,25,False
433,433,range_064976-065175,64976,65175,200,25,False
434,434,range_065126-065325,65126,65325,200,25,False
435,435,range_065276-065475,65276,65475,200,25,False
436,436,range_065426-065625,65426,65625,200,25,False
437,437,range_065576-065775,65576,65775,200,25,False
438,438,range_065726-065925,65726,65925,200,25,False
439,439,range_065876-066075,65876,66075,200,25,False
440,440,range_066026-066225,66026,66225,200,25,False
441,441,range_066176-066375,66176,66375,200,25,False
442,442,range_066326-066525,66326,66525,200,25,False
443,443,range_066476-066675,66476,66675,200,25,False
444,444,range_066626-066825,66626,66825,200,25,False
445,445,range_066776-066975,66776,66975,200,25,False
446,446,range_066926-067125,66926,67125,200,25,False
447,447,range_067076-067275,67076,67275,200,25,False
448,448,range_067226-067425,67226,67425,200,25,False
449,449,range_067376-067575,67376,67575,200,25,False
450,450,range_067526-067725,67526,67725,200,25,False
451,451,range_067676-067875,67676,67875,200,25,False
452,452,range_067826-068025,67826,68025,200,25,False
453,453,range_067976-068175,67976,68175,200,25,False
454,454,range_068126-068325,68126,68325,200,25,False
455,455,range_068276-068475,68276,68475,200,25,False
456,456,range_068426-068625,68426,68625,200,25,False
457,457,range_068576-068775,68576,68775,200,25,False
458,458,range_068726-068925,68726,68925,200,25,False
459,459,range_068876-069075,68876,69075,200,25,False
460,460,range_069026-069225,69026,69225,200,25,False
461,461,range_069176-069375,69176,69375,200,25,False
462,462,range_069326-069525,69326,69525,200,25,False
463,463,range_069476-069675,69476,69675,200,25,False
464,464,range_069626-069825,69626,69825,200,25,False
465,465,range_069776-069975,69776,69975,200,25,False
466,466,range_069926-070125,69926,70125,200,25,False
467,467,range_070076-070275,70076,70275,200,25,False
468,468,range_070226-070425,70226,70425,200,25,False
469,469,range_070376-070575,70376,70575,200,25,False
470,470,range_070526-070725,70526,70725,200,25,False
471,471,range_070676-070875,70676,70875,200,25,False
472,472,range_070826-071025,70826,71025,200,25,False
473,473,range_070976-071175,70976,71175,200,25,False
474,474,range_071126-071325,71126,71325,200,25,False
475,475,range_071276-071475,71276,71475,200,25,False
476,476,range_071426-071625,71426,71625,200,25,False
477,477,range_071576-071775,71576,71775,200,25,False
478,478,range_071726-071925,71726,71925,200,25,False
479,479,range_071876-072075,71876,72075,200,25,False
480,480,range_072026-072225,72026,72225,200,25,False
481,481,range_072176-072375,72176,72375,200,25,False
482,482,range_072326-072525,72326,72525,200,25,False
483,483,range_072476-072675,72476,72675,200,25,False
484,484,range_072626-072825,72626,72825,200,25,False
485,485,range_072776-072975,72776,72975,200,25,False
486,486,range_072926-073125,72926,73125,200,25,False
487,487,range_073076-073275,73076,73275,200,25,False
488,488,range_073226-073425,73226,73425,200,25,False
489,489,range_073376-073575,73376,73575,200,25,False
490,490,range_073526-073725,73526,73725,200,25,False
491,491,range_073676-073875,73676,73875,200,25,False
492,492,range_073826-074025,73826,74025,200,25,False
493,493,range_073976-074175,73976,74175,200,25,False
494,494,range_074126-074325,74126,74325,200,25,False
495,495,range_074276-074475,74276,74475,200,25,False
496,496,range_074426-074625,74426,74625,200,25,False
497,497,range_074576-074775,74576,74775,200,25,False
498,498,range_074726-074925,74726,74925,200,25,False
499,499,range_074876-075075,74876,75075,200,25,False
500,500,range_075026-075225,75026,75225,200,25,False
501,501,range_075176-075375,75176,75375,200,25,False
502,502,range_075326-075525,75326,75525,200,25,False
503,503,range_075476-075675,75476,75675,200,25,False
504,504,range_075626-075825,75626,75825,200,25,False
505,505,range_075776-075975,75776,75975,200,25,False
506,506,range_075926-076125,75926,76125,200,25,False
507,507,range_076076-076275,76076,76275,200,25,False
508,508,range_076226-076425,76226,76425,200,25,False
509,509,range_076376-076575,76376,76575,200,25,False
510,510,range_076526-076725,76526,76725,200,25,False
511,511,range_076676-076875,76676,76875,200,25,False
512,512,range_076826-077025,76826,77025,200,25,False
513,513,range_076976-077175,76976,77175,200,25,False
514,514,range_077126-077325,77126,77325,200,25,False
515,515,range_077276-077475,77276,77475,200,25,False
516,516,range_077426-077625,77426,77625,200,25,False
517,517,range_077576-077775,77576,77775,200,25,False
518,518,range_077726-077925,77726,77925,200,25,False
519,519,range_077876-078075,77876,78075,200,25,False
520,520,range_078026-078225,78026,78225,200,25,False
521,521,range_078176-078375,78176,78375,200,25,False
522,522,range_078326-078525,78326,78525,200,25,False
523,523,range_078476-078675,78476,78675,200,25,False
524,524,range_078626-078825,78626,78825,200,25,False
525,525,range_078776-078975,78776,78975,200,25,False
526,526,range_078926-079125,78926,79125,200,25,False
527,527,range_079076-079275,79076,79275,200,25,False
528,528,range_079226-079425,79226,79425,200,25,False
529,529,range_079376-079575,79376,79575,200,25,False
530,530,range_079526-079725,79526,79725,200,25,False
531,531,range_079676-079875,79676,79875,200,25,False
532,532,range_079826-080025,79826,80025,200,25,False
533,533,range_079976-080175,79976,80175,200,25,False
534,534,range_080126-080325,80126,80325,200,25,False
535,535,range_080276-080475,80276,80475,200,25,False
536,536,range_080426-080625,80426,80625,200,25,False
537,537,range_080576-080775,80576,80775,200,25,False
538,538,range_080726-080925,80726,80925,200,25,False
539,539,range_080876-081075,80876,81075,200,25,False
540,540,range_081026-081225,81026,81225,200,25,False
541,541,range_081176-081375,81176,81375,200,25,False
542,542,range_081326-081525,81326,81525,200,25,False
543,543,range_081476-081675,81476,81675,200,25,False
544,544,range_081626-081825,81626,81825,200,25,False
545,545,range_081776-081975,81776,81975,200,25,False
546,546,range_081926-082125,81926,82125,200,25,False
547,547,range_082076-082275,82076,82275,200,25,False
548,548,range_082226-082425,82226,82425,200,25,False
549,549,range_082376-082575,82376,82575,200,25,False
550,550,range_082526-082725,82526,82725,200,25,False
551,551,range_082676-082875,82676,82875,200,25,False
552,552,range_082826-083025,82826,83025,200,25,False
553,553,range_082976-083175,82976,83175,200,25,False
554,554,range_083126-083325,83126,83325,200,25,False
555,555,range_083276-083475,83276,83475,200,25,False
556,556,range_083426-083625,83426,83625,200,25,False
557,557,range_083576-083775,83576,83775,200,25,False
558,558,range_083726-083925,83726,83925,200,25,False
559,559,range_083876-084075,83876,84075,200,25,False
560,560,range_084026-084225,84026,84225,200,25,False
561,561,range_084176-084375,84176,84375,200,25,False
562,562,range_084326-084525,84326,84525,200,25,False
563,563,range_084476-084675,84476,84675,200,25,False
564,564,range_084626-084825,84626,84825,200,25,False
565,565,range_084776-084975,84776,84975,200,25,False
566,566,range_084926-085125,84926,85125,200,25,False
567,567,range_085076-085275,85076,85275,200,25,False
568,568,range_085226-085425,85226,85425,200,25,False
569,569,range_085376-085575,85376,85575,200,25,False
570,570,range_085526-085725,85526,85725,200,25,False
571,571,range_085676-085875,85676,85875,200,25,False
572,572,range_085826-086025,85826,86025,200,25,False
573,573,range_085976-086175,85976,86175,200,25,False
574,574,range_086126-086325,86126,86325,200,25,False
575,575,range_086276-086475,86276,86475,200,25,False
576,576,range_086426-086625,86426,86625,200,25,False
577,577,range_086576-086775,86576,86775,200,25,False
578,578,range_086726-086925,86726,86925,200,25,False
579,579,range_086876-087075,86876,87075,200,25,False
580,580,range_087026-087225,87026,87225,200,25,False
581,581,range_087176-087375,87176,87375,200,25,False
582,582,range_087326-087525,87326,87525,200,25,False
583,583,range_087476-087675,87476,87675,200,25,False
584,584,range_087626-087825,87626,87825,200,25,False
585,585,range_087776-087975,87776,87975,200,25,False
586,586,range_087926-088125,87926,88125,200,25,False
587,587,range_088076-088275,88076,88275,200,25,False
588,588,range_088226-088425,88226,88425,200,25,False
589,589,range_088376-088575,88376,88575,200,25,False
590,590,range_088526-088725,88526,88725,200,25,False
591,591,range_088676-088875,88676,88875,200,25,False
592,592,range_088826-089025,88826,89025,200,25,False
593,593,range_088976-089175,88976,89175,200,25,False
594,594,range_089126-089325,89126,89325,200,25,False
595,595,range_089276-089475,89276,89475,200,25,False
596,596,range_089426-089625,89426,89625,200,25,False
597,597,range_089576-089775,89576,89775,200,25,False
598,598,range_089726-089925,89726,89925,200,25,False
599,599,range_089876-090075,89876,90075,200,25,False
600,600,range_090026-090225,90026,90225,200,25,False
601,601,range_090176-090375,90176,90375,200,25,False
602,602,range_090326-090525,90326,90525,200,25,False
603,603,range_090476-090675,90476,90675,200,25,False
604,604,range_090626-090825,90626,90825,200,25,False
605,605,range_090776-090975,90776,90975,200,25,False
606,606,range_090926-091125,90926,91125,200,25,False
607,607,range_091076-091275,91076,91275,200,25,False
608,608,range_091226-091425,91226,91425,200,25,False
609,609,range_091376-091575,91376,91575,200,25,False
610,610,range_091526-091725,91526,91725,200,25,False
611,611,range_091676-091875,91676,91875,200,25,False
612,612,range_091826-092025,91826,92025,200,25,False
613,613,range_091976-092175,91976,92175,200,25,False
614,614,range_092126-092325,92126,92325,200,25,False
615,615,range_092276-092475,92276,92475,200,25,False
616,616,range_092426-092625,92426,92625,200,25,False
617,617,range_092576-092775,92576,92775,200,25,False
618,618,range_092726-092925,92726,92925,200,25,False
619,619,range_092876-093075,92876,93075,200,25,False
620,620,range_093026-093225,93026,93225,200,25,False
621,621,range_093176-093375,93176,93375,200,25,False
622,622,range_093326-093525,93326,93525,200,25,False
623,623,range_093476-093675,93476,93675,200,25,False
624,624,range_093626-093825,93626,93825,200,25,False
625,625,range_093776-093975,93776,93975,200,25,False
626,626,range_093926-094125,93926,94125,200,25,False
627,627,range_094076-094275,94076,94275,200,25,False
628,628,range_094226-094425,94226,94425,200,25,False
629,629,range_094376-094575,94376,94575,200,25,False
630,630,range_094526-094725,94526,94725,200,25,False
631,631,range_094676-094875,94676,94875,200,25,False
632,632,range_094826-095025,94826,95025,200,25,False
633,633,range_094976-095175,94976,95175,200,25,False
634,634,range_095126-095325,95126,95325,200,25,False
635,635,range_095276-095475,95276,95475,200,25,False
636,636,range_095426-095625,95426,95625,200,25,False
637,637,range_095576-095775,95576,95775,200,25,False
638,638,range_095726-095925,95726,95925,200,25,False
639,639,range_095876-096075,95876,96075,200,25,False
640,640,range_096026-096225,96026,96225,200,25,False
641,641,range_096176-096375,96176,96375,200,25,False
642,642,range_096326-096525,96326,96525,200,25,False
643,643,range_096476-096675,96476,96675,200,25,False
644,644,range_096626-096825,96626,96825,200,25,False
645,645,range_096776-096975,96776,96975,200,25,False
646,646,range_096926-097125,96926,97125,200,25,False
647,647,range_097076-097275,97076,97275,200,25,False
648,648,range_097226-097425,97226,97425,200,25,False
649,649,range_097376-097575,97376,97575,200,25,False
650,650,range_097526-097725,97526,97725,200,25,False
651,651,range_097676-097875,97676,97875,200,25,False
652,652,range_097826-098025,97826,98025,200,25,False
653,653,range_097976-098175,97976,98175,200,25,False
654,654,range_098126-098325,98126,98325,200,25,False
655,655,range_098276-098475,98276,98475,200,25,False
656,656,range_098426-098625,98426,98625,200,25,False
657,657,range_098576-098775,98576,98775,200,25,False
658,658,range_098726-098925,98726,98925,200,25,False
659,659,range_098876-099075,98876,99075,200,25,False
660,660,range_099026-099225,99026,99225,200,25,False
661,661,range_099176-099375,99176,99375,200,25,False
662,662,range_099326-099525,99326,99525,200,25,False
663,663,range_099476-099675,99476,99675,200,25,False
664,664,range_099626-099825,99626,99825,200,25,False
665,665,range_099776-099975,99776,99975,200,25,False
