range_index,range_name,start_segment,end_segment,n_primes,n_gaps,mean_log_gap,gap_mean,gap_std
0,range_000126-000325,126,325,93040571,93040570,2.690891414463526,21.495998681005503,18.805956597605462
1,range_000276-000475,276,475,90778037,90778036,2.712679886167719,22.031760325812733,19.332604199559047
2,range_000426-000625,426,625,89386478,89386477,2.726451449179701,22.374748565154885,19.665622859118315
3,range_000576-000775,576,775,88378897,88378896,2.73654457731,22.6298352719862,19.91393120393539
4,range_000726-000925,726,925,87600283,87600282,2.744309962814267,22.830976023570337,20.11640418529399
5,range_000876-001075,876,1075,86960865,86960864,2.750804737190323,22.99885109237185,20.28314533800634
6,range_001026-001225,1026,1225,86421760,86421759,2.756339411945037,23.1423197484328,20.423701755817902
7,range_001176-001375,1176,1375,85955838,85955837,2.761115397243634,23.267761722801907,20.545905575340363
8,range_001326-001525,1326,1525,85546867,85546866,2.765340590082952,23.378997145260705,20.65613934139286
9,range_001476-001675,1476,1675,85181411,85181410,2.769209885881095,23.479301176160384,20.753246025473963
10,range_001626-001825,1626,1825,84849769,84849768,2.772640492394008,23.57107203875914,20.843407413842716
11,range_001776-001975,1776,1975,84551931,84551930,2.775784335375558,23.65410211215758,20.927717886070244
12,range_001926-002125,1926,2125,84279306,84279305,2.778614379229594,23.730617949447968,21.004652067008937
13,range_002076-002275,2076,2275,84027625,84027624,2.7813398994121563,23.80169638022848,21.070586861353632
14,range_002226-002425,2226,2425,83790223,83790222,2.7838653281074417,23.869133417500674,21.137052883486913
15,range_002376-002575,2376,2575,83566167,83566166,2.786245620607883,23.933129778862895,21.200375025538236
16,range_002526-002725,2526,2725,83366052,83366051,2.7884569118131854,23.990580266300487,21.256516938462784
17,range_002676-002875,2676,2875,83172327,83172326,2.7903590208033626,24.046459732291243,21.318205221194894
18,range_002826-003025,2826,3025,82991233,82991232,2.792283109692321,24.098929270022165,21.366689090473727
19,range_002976-003175,2976,3175,82819165,82819164,2.7942634283445744,24.148999886065017,21.411454908366558
20,range_003126-003325,3126,3325,82657424,82657423,2.7959281813786454,24.196253396382804,21.460373701064036
21,range_003276-003475,3276,3475,82501034,82501033,2.797668312694138,24.242120531993823,21.506028668323506
22,range_003426-003625,3426,3625,82358928,82358927,2.799185262224838,24.283948818322997,21.54577049528158
23,range_003576-003775,3576,3775,82212377,82212376,2.8007534301189323,24.32723688705944,21.59010588412242
24,range_003726-003925,3726,3925,82075124,82075123,2.8022096823688862,24.367918888162983,21.630902101133152
25,range_003876-004075,3876,4075,81945700,81945699,2.8035979429344113,24.40640546613679,21.668607458987648
26,range_004026-004225,4026,4225,81826602,81826601,2.804930483566168,24.441928951686506,21.701251126550442
27,range_004176-004375,4176,4375,81703835,81703834,2.8062851863192475,24.478654379915636,21.737414906796822
28,range_004326-004525,4326,4525,81593347,81593346,2.8075014440852497,24.511802175633292,21.77051154100456
29,range_004476-004675,4476,4675,81477785,81477784,2.808763479539064,24.546567638609318,21.803605127097782
30,range_004626-004825,4626,4825,81368619,81368618,2.809900182048158,24.57949960511803,21.83709810197447
31,range_004776-004975,4776,4975,81267055,81267054,2.811026255099209,24.610218428737433,21.8673979972381
32,range_004926-005125,4926,5125,81169206,81169205,2.8120747143902314,24.639886124300467,21.896804439885457
33,range_005076-005275,5076,5275,81073781,81073780,2.813113606250872,24.668887845120828,21.92902997042233
34,range_005226-005425,5226,5425,80979683,80979682,2.8142048849278325,24.697552010638915,21.9578003420936
35,range_005376-005575,5376,5575,80887262,80887261,2.815121839030199,24.725771490766636,21.984740628223868
36,range_005526-005725,5526,5725,80799074,80799073,2.8161802943016268,24.75275873523945,22.011933505821204
37,range_005676-005875,5676,5875,80709372,80709371,2.8171974746027706,24.780268972731804,22.03668691656804
38,range_005826-006025,5826,6025,80628264,80628263,2.818106195054643,24.805196435894942,22.06071833464308
39,range_005976-006175,5976,6175,80546923,80546922,2.818969468274141,24.830246871506773,22.085041997219157
40,range_006126-006325,6126,6325,80466191,80466190,2.8198691718468587,24.855159017719117,22.108109982939414
41,range_006276-006475,6276,6475,80390582,80390581,2.8207631789472756,24.87853613099276,22.13146194759467
42,range_006426-006625,6426,6625,80315587,80315586,2.8215947882452435,24.901765741956986,22.153783402766628
43,range_006576-006775,6576,6775,80242524,80242523,2.822320952314009,24.92444015001871,22.179004249387987
44,range_006726-006925,6726,6925,80174861,80174860,2.823179987327761,24.945474878284788,22.196567006406433
45,range_006876-007075,6876,7075,80102599,80102598,2.823910245743656,24.967978891271418,22.221535113146487
46,range_007026-007225,7026,7225,80031675,80031674,2.824728010455696,24.99010399307654,22.24045672279872
47,range_007176-007375,7176,7375,79965061,79965060,2.8254263253044787,25.01092324572757,22.26424402170903
48,range_007326-007525,7326,7525,79899012,79899011,2.826205702407964,25.03159880164224,22.282272091340733
49,range_007476-007675,7476,7675,79842916,79842915,2.8268354060033962,25.04918476485985,22.299172457101047
50,range_007626-007825,7626,7825,79776478,79776477,2.8275540935301353,25.070046324557552,22.323877314089145
51,range_007776-007975,7776,7975,79713116,79713115,2.828216016397709,25.089972936072062,22.34229631165537
52,range_007926-008125,7926,8125,79652784,79652783,2.8289859973095384,25.108977799306775,22.35867699348351
53,range_008076-008275,8076,8275,79596054,79596053,2.829606285204498,25.126873916725494,22.378250641955056
54,range_008226-008425,8226,8425,79537297,79537296,2.8302621690353105,25.145435871996455,22.394531015696675
55,range_008376-008575,8376,8575,79480964,79480963,2.8307982781615437,25.163257596665,22.414013251948518
56,range_008526-008725,8526,8725,79425455,79425454,2.831452881306226,25.18084265530292,22.431754701277164
57,range_008676-008875,8676,8875,79374093,79374092,2.8319976452447677,25.197137725997546,22.450142313147538
58,range_008826-009025,8826,9025,79318284,79318283,2.8326798730572884,25.21486671616429,22.463539940991428
59,range_008976-009175,8976,9175,79266611,79266610,2.833245849002733,25.23130400051169,22.48016353992877
60,range_009126-009325,9126,9325,79215298,79215297,2.8338941575631007,25.2476478880083,22.495050594991664
61,range_009276-009475,9276,9475,79166460,79166459,2.8344648305860525,25.263223785214393,22.510022826540958
62,range_009426-009625,9426,9625,79112924,79112923,2.8349956863699846,25.280319145836643,22.529451857580334
63,range_009576-009775,9576,9775,79064711,79064710,2.835416153879173,25.29573535399042,22.54944984669999
64,range_009726-009925,9726,9925,79018328,79018327,2.836081000372644,25.3105836320731,22.5611885578933
65,range_009876-010075,9876,10075,78971188,78971187,2.8365871732802725,25.325691888105975,22.574915855235606
66,range_010026-010225,10026,10225,78928419,78928418,2.837046975213191,25.339414379241706,22.58749076247745
67,range_010176-010375,10176,10375,78874151,78874150,2.837754071031693,25.35684918316077,22.603677515580525
68,range_010326-010525,10326,10525,78828823,78828822,2.8383011649670524,25.371430211147896,22.61358251761048
69,range_010476-010675,10476,10675,78779163,78779162,2.838786008025882,25.387423085307763,22.632747115440498
70,range_010626-010825,10626,10825,78741258,78741257,2.8392555885251554,25.399644839299427,22.647017949058796
71,range_010776-010975,10776,10975,78701228,78701227,2.8397253287161908,25.41256346613249,22.655852040231846
72,range_010926-011125,10926,11125,78660919,78660918,2.8401417015736947,25.425586744360142,22.67171446960642
73,range_011076-011275,11076,11275,78621487,78621486,2.840580413018945,25.438337962729424,22.682712396995996
74,range_011226-011425,11226,11425,78577693,78577692,2.841091862026632,25.45251535257615,22.693076709658833
75,range_011376-011575,11376,11575,78541597,78541596,2.8414586107150464,25.464213535971435,22.70954768206224
76,range_011526-011725,11526,11725,78497177,78497176,2.841932667623495,25.478623078109205,22.724740197948996
77,range_011676-011875,11676,11875,78456748,78456747,2.842487155357357,25.491752111516934,22.733792165470607
78,range_011826-012025,11826,12025,78415118,78415117,2.8429339478477895,25.505285466831605,22.747047544725394
79,range_011976-012175,11976,12175,78379663,78379662,2.8432527269176338,25.516823331031972,22.764379381684005
80,range_012126-012325,12126,12325,78346520,78346519,2.8437114363988893,25.527616791755612,22.773722696683357
81,range_012276-012475,12276,12475,78308357,78308356,2.8441429858038694,25.54005766638748,22.785713174432058
82,range_012426-012625,12426,12625,78264752,78264751,2.8447138924025532,25.554287753371884,22.79392946760483
83,range_012576-012775,12576,12775,78229280,78229279,2.84503586775336,25.565875073449163,22.80926408104653
84,range_012726-012925,12726,12925,78197440,78197439,2.845438275326907,25.576284537911786,22.820565391940686
85,range_012876-013075,12876,13075,78164592,78164591,2.845719037310912,25.587032931573837,22.83459727595206
86,range_013026-013225,13026,13225,78122479,78122478,2.8462311264624067,25.600825129996515,22.846518628453083
87,range_013176-013375,13176,13375,78090020,78090019,2.846558316022202,25.611467299041124,22.85673054202451
88,range_013326-013525,13326,13525,78052539,78052538,2.846996701560216,25.623765341237206,22.869665357555153
89,range_013476-013675,13476,13675,78017971,78017970,2.8474481952083748,25.635118678427546,22.878383763904473
90,range_013626-013825,13626,13825,77985810,77985809,2.8479144354491486,25.645690871784122,22.88442745823871
91,range_013776-013975,13776,13975,77956614,77956613,2.8482000638986524,25.65529554240639,22.89764514879793
92,range_013926-014125,13926,14125,77918081,77918080,2.8486184730623885,25.667983348665675,22.910015233506346
93,range_014076-014275,14076,14275,77888904,77888903,2.848932722301333,25.677597898637757,22.92101646975771
94,range_014226-014425,14226,14425,77860331,77860330,2.8492811125713255,25.687021311109266,22.927704280012218
95,range_014376-014575,14376,14575,77827514,77827513,2.8496284015839852,25.697852120753236,22.938958987646014
96,range_014526-014725,14526,14725,77799422,77799421,2.8499204019819717,25.70713170217552,22.95198098487434
97,range_014676-014875,14676,14875,77767675,77767674,2.8503568005979183,25.71762496072597,22.95672293190609
98,range_014826-015025,14826,15025,77730091,77730090,2.8507297409136783,25.730060855455076,22.972076058808156
99,range_014976-015175,14976,15175,77697389,77697388,2.851061558197554,25.74088995115254,22.985657981742083
100,range_015126-015325,15126,15325,77667331,77667330,2.8514519754563783,25.750852848939186,22.9911041210328
101,range_015276-015475,15276,15475,77640423,77640422,2.8517188307897934,25.759777220170186,23.000131897358695
102,range_015426-015625,15426,15625,77617936,77617935,2.8519912639400795,25.767239569050634,23.00863451348137
103,range_015576-015775,15576,15775,77585403,77585402,2.8524426365702507,25.778044844054556,23.019201806190782
104,range_015726-015925,15726,15925,77557563,77557562,2.8526912455712883,25.78729749137808,23.032576308700484
105,range_015876-016075,15876,16075,77533501,77533500,2.853027646155219,25.79530074097003,23.03652465238485
106,range_016026-016225,16026,16225,77498897,77498896,2.8534734252781853,25.80681864164878,23.045617490240495
107,range_016176-016375,16176,16375,77469842,77469841,2.8536892534271265,25.81649710627391,23.06154244506949
108,range_016326-016525,16326,16525,77441204,77441203,2.8540928535594516,25.8260447477811,23.068643709169166
109,range_016476-016675,16476,16675,77415424,77415423,2.8543619231586286,25.834644603052805,23.075206387907674
110,range_016626-016825,16626,16825,77395188,77395187,2.8546811123323166,25.841400008504404,23.083130672716475
111,range_016776-016975,16776,16975,77366908,77366907,2.854958165941591,25.850845452565398,23.0909597893797
112,range_016926-017125,16926,17125,77344783,77344782,2.8551788991294558,25.858240676145417,23.101252282615096
113,range_017076-017275,17076,17275,77312750,77312749,2.855546737625229,25.868954058275694,23.11484043025844
114,range_017226-017425,17226,17425,77284625,77284624,2.8559519384406524,25.878368535505846,23.116924229556076
115,range_017376-017575,17376,17575,77261100,77261099,2.856141070562699,25.886247929245737,23.1266889761479
116,range_017526-017725,17526,17725,77235676,77235675,2.856428464410477,25.894768809879633,23.135802687507855
117,range_017676-017875,17676,17875,77209041,77209040,2.856796868908973,25.903701742697486,23.141092730515403
118,range_017826-018025,17826,18025,77185278,77185277,2.8570400844058566,25.91167616072687,23.148484091734282
119,range_017976-018175,17976,18175,77158216,77158215,2.8573267159662463,25.92076478181876,23.16081921602426
120,range_018126-018325,18126,18325,77136488,77136487,2.8575489931685283,25.92806662299775,23.17133853117416
121,range_018276-018475,18276,18475,77108853,77108852,2.857960651836457,25.93735915041246,23.177437041618955
122,range_018426-018625,18426,18625,77083052,77083051,2.8581875419768954,25.946040563443706,23.190187153247944
123,range_018576-018775,18576,18775,77066333,77066332,2.85836205168786,25.951667947554583,23.192366445978877
124,range_018726-018925,18726,18925,77036488,77036487,2.8588381894658084,25.961723176707164,23.19821485292882
125,range_018876-019075,18876,19075,77010918,77010917,2.8591043995287957,25.970343659198345,23.205023086486413
126,range_019026-019225,19026,19225,76991325,76991324,2.859332076358027,25.97695267586254,23.211944306524554
127,range_019176-019375,19176,19375,76973158,76973157,2.8595124100128815,25.983083297466933,23.22186426558922
128,range_019326-019525,19326,19525,76947210,76947209,2.8598744333465995,25.991844798425372,23.22709064406022
129,range_019476-019675,19476,19675,76919487,76919486,2.8601641115798806,26.001213476647518,23.239015124113763
130,range_019626-019825,19626,19825,76902870,76902869,2.8603537171871283,26.006831890758196,23.246032707644783
131,range_019776-019975,19776,19975,76883967,76883966,2.8605755114605156,26.013225540420223,23.25201202563169
132,range_019926-020125,19926,20125,76860731,76860730,2.8608782988935952,26.021089781478786,23.256128652399706
133,range_020076-020275,20076,20275,76826548,76826547,2.8612166661606113,26.03266761422975,23.27211961843351
134,range_020226-020425,20226,20425,76810653,76810652,2.8613922422506795,26.038054904155743,23.27597795072006
135,range_020376-020575,20376,20575,76793379,76793378,2.8615457620373705,26.043911989390544,23.280841878492915
136,range_020526-020725,20526,20725,76768487,76768486,2.8617958461546356,26.05235601494082,23.295404993865304
137,range_020676-020875,20676,20875,76747099,76747098,2.862153026502354,26.059616456116686,23.30084059266323
138,range_020826-021025,20826,21025,76723630,76723629,2.8624152270463457,26.0675882263077,23.307204659506745
139,range_020976-021175,20976,21175,76702858,76702857,2.8625820034960405,26.07464655456054,23.316605468522447
140,range_021126-021325,21126,21325,76683330,76683329,2.8628814252325134,26.081287289966244,23.318628350270604
141,range_021276-021475,21276,21475,76662185,76662184,2.8631703274590077,26.08848104301333,23.323398579153032
142,range_021426-021625,21426,21625,76647305,76647304,2.86335771564557,26.09354588649328,23.324651172250924
143,range_021576-021775,21576,21775,76620614,76620613,2.863637681706997,26.102635748946565,23.339451007192654
144,range_021726-021925,21726,21925,76600095,76600094,2.8638285356081776,26.10962764614884,23.348110802003838
145,range_021876-022075,21876,22075,76581230,76581229,2.8640902019658885,26.116059902877765,23.350918550875466
146,range_022026-022225,22026,22225,76563681,76563680,2.864248525871913,26.122046040629186,23.36087462940996
147,range_022176-022375,22176,22375,76540739,76540738,2.8644386213351813,26.129875570313942,23.368613412483167
148,range_022326-022525,22326,22525,76522225,76522224,2.864723893363168,26.13619760972969,23.374923865312557
149,range_022476-022675,22476,22675,76503556,76503555,2.8650164245113294,26.142575831933563,23.37891108159062
150,range_022626-022825,22626,22825,76486866,76486865,2.8651863445581203,26.1482796294501,23.383253256790066
151,range_022776-022975,22776,22975,76461424,76461423,2.8654587281446595,26.156980023769634,23.392970830594326
152,range_022926-023125,22926,23125,76438261,76438260,2.8657184395225745,26.164907128969183,23.400084097872657
153,range_023076-023275,23076,23275,76425156,76425155,2.865980468166165,26.16939401693068,23.40041399597202
154,range_023226-023425,23226,23425,76407793,76407792,2.866083009743228,26.175340284666255,23.412459376569423
155,range_023376-023575,23376,23575,76395198,76395197,2.866296442921088,26.179655404252703,23.413309929875926
156,range_023526-023725,23526,23725,76374192,76374191,2.8665486366174604,26.186855557003543,23.421048658041556
157,range_023676-023875,23676,23875,76354613,76354612,2.866703785945594,26.193571175504108,23.42813177797556
158,range_023826-024025,23826,24025,76335494,76335493,2.866915341326438,26.200131228601617,23.43497105976803
159,range_023976-024175,23976,24175,76314912,76314911,2.8672412875481017,26.207197725749822,23.44129260309645
160,range_024126-024325,24126,24325,76293298,76293297,2.867513498625212,26.21462231472314,23.447107598709383
161,range_024276-024475,24276,24475,76276708,76276707,2.8676757426663033,26.22032241113922,23.456591260077744
162,range_024426-024625,24426,24625,76262824,76262823,2.8677747813061147,26.225097410831488,23.459805528764512
163,range_024576-024775,24576,24775,76239055,76239054,2.868099993880739,26.23327335619878,23.46701145982249
164,range_024726-024925,24726,24925,76223059,76223058,2.868308236888981,26.238777929901474,23.475944925554483
165,range_024876-025075,24876,25075,76206909,76206908,2.868502590864338,26.24433947641597,23.479528896998822
166,range_025026-025225,25026,25225,76190625,76190624,2.868578380474607,26.249948103850677,23.487334834463027
167,range_025176-025375,25176,25375,76176316,76176315,2.8688321270810517,26.254879223286135,23.487795099624368
168,range_025326-025525,25326,25525,76159872,76159871,2.868986510927309,26.260548261695455,23.496204779747714
169,range_025476-025675,25476,25675,76133982,76133981,2.8693318787731825,26.269477409830966,23.50474661488952
170,range_025626-025825,25626,25825,76122221,76122220,2.869451155964126,26.273536662488297,23.50848557664168
171,range_025776-025975,25776,25975,76105267,76105266,2.8696193361467204,26.27938936577661,23.517099022958725
172,range_025926-026125,25926,26125,76089726,76089725,2.8697239415877442,26.284757370328254,23.523383435905615
173,range_026076-026275,26076,26275,76076658,76076657,2.8699563879627825,26.28927267400827,23.521268455985773
174,range_026226-026425,26226,26425,76055954,76055953,2.870185282525742,26.296429077681797,23.531511898891797
175,range_026376-026575,26376,26575,76031088,76031087,2.870521811081225,26.305029020563655,23.538915829291746
176,range_026526-026725,26526,26725,76016379,76016378,2.870703540454399,26.310118932527935,23.54447597652559
177,range_026676-026875,26676,26875,76005802,76005801,2.8707672978285017,26.31378036526449,23.54920256686521
178,range_026826-027025,26826,27025,75994165,75994164,2.8709830119854125,26.317809904455295,23.549178060700825
179,range_026976-027175,26976,27175,75979078,75979077,2.871038092596222,26.32303551147377,23.56112415249917
180,range_027126-027325,27126,27325,75959616,75959615,2.8713662125940034,26.329780291803743,23.565994039152955
181,range_027276-027475,27276,27475,75943992,75943991,2.8714401872345423,26.335197237659,23.573635147048613
182,range_027426-027625,27426,27625,75925348,75925347,2.871794186389771,26.34166371343683,23.571371465866015
183,range_027576-027775,27576,27775,75911592,75911591,2.8719489394936395,26.346437186384357,23.577661023575455
184,range_027726-027925,27726,27925,75897209,75897208,2.872063304611838,26.35143021334856,23.587056371921136
185,range_027876-028075,27876,28075,75881333,75881332,2.872296141584644,26.356943022560543,23.590537597517187
186,range_028026-028225,28026,28225,75862437,75862436,2.87252957270844,26.363508654006313,23.599621074522137
187,range_028176-028375,28176,28375,75854333,75854332,2.8726136761808245,26.366325235057108,23.59910510535799
188,range_028326-028525,28326,28525,75838237,75838236,2.872806988670104,26.371920886978437,23.602017834596932
189,range_028476-028675,28476,28675,75816434,75816433,2.8730464815536236,26.379504928700616,23.610704481231046
190,range_028626-028825,28626,28825,75797463,75797462,2.873247956887546,26.38610759816734,23.622702558561954
191,range_028776-028975,28776,28975,75786001,75786000,2.8733889190889035,26.390097907265194,23.625577617967746
192,range_028926-029125,28926,29125,75775202,75775201,2.8734291831356673,26.39385882988288,23.629772398924228
193,range_029076-029275,29076,29275,75759765,75759764,2.873706792268991,26.39923632813851,23.632556128792466
194,range_029226-029425,29226,29425,75746311,75746310,2.8738489536670095,26.403925682980464,23.637057411237553
195,range_029376-029575,29376,29575,75728719,75728718,2.8741797010116303,26.410059760948283,23.639041078749653
196,range_029526-029725,29526,29725,75716497,75716496,2.8742034890650103,26.414322263407435,23.649729548699614
197,range_029676-029875,29676,29875,75701273,75701272,2.874321225674859,26.419634824630158,23.653129554111676
198,range_029826-030025,29826,30025,75691391,75691390,2.874479774818423,26.423083576612875,23.658197651125892
199,range_029976-030175,29976,30175,75669562,75669561,2.8748346267068086,26.430706661559725,23.661845299695415
200,range_030126-030325,30126,30325,75659780,75659779,2.874907762149895,26.43412368413077,23.66548504318694
201,range_030276-030475,30276,30475,75644719,75644718,2.875105189824913,26.4393862106803,23.669722090962395
202,range_030426-030625,30426,30625,75627644,75627643,2.875185511736081,26.44535667996423,23.68280463665153
203,range_030576-030775,30576,30775,75618232,75618231,2.875341569143861,26.44864776061741,23.68377752282809
204,range_030726-030925,30726,30925,75606370,75606369,2.8754982574532466,26.452797726604224,23.688496589148375
205,range_030876-031075,30876,31075,75591260,75591259,2.875682020577894,26.458084657645404,23.69350339533375
206,range_031026-031225,31026,31225,75576149,75576148,2.875843274073294,26.463375190807554,23.69757603259511
207,range_031176-031375,31176,31375,75556214,75556213,2.8760819556351165,26.47035684543904,23.70526628868406
208,range_031326-031525,31326,31525,75546672,75546671,2.876194780222638,26.473700369934235,23.70921184260275
209,range_031476-031675,31476,31675,75534654,75534653,2.8763321267619646,26.47791288589093,23.714664375482613
210,range_031626-031825,31626,31825,75522823,75522822,2.8765593875147055,26.48205974082907,23.71105494187287
211,range_031776-031975,31776,31975,75502982,75502981,2.876796505768909,26.489020188487657,23.719807876719962
212,range_031926-032125,31926,32125,75497343,75497342,2.876778383958936,26.49099818639973,23.72440832709476
213,range_032076-032275,32076,32275,75480449,75480448,2.8770228294588076,26.496926886284513,23.726539807384693
214,range_032226-032425,32226,32425,75471205,75471204,2.877107533093991,26.500172993132587,23.733078207525136
215,range_032376-032575,32376,32575,75454336,75454335,2.8773267470683552,26.506097230861553,23.738413309253083
216,range_032526-032725,32526,32725,75443559,75443558,2.8775004748617246,26.50988358740981,23.74101978093565
217,range_032676-032875,32676,32875,75426858,75426857,2.877670025164182,26.51575393099039,23.749487939476165
218,range_032826-033025,32826,33025,75418659,75418658,2.877798512826681,26.51863646261115,23.749217294879255
219,range_032976-033175,32976,33175,75404967,75404966,2.877871704404791,26.52345114776658,23.757601176027993
220,range_033126-033325,33126,33325,75384516,75384515,2.8781420782298035,26.530647176014863,23.761265306414955
221,range_033276-033475,33276,33475,75376277,75376276,2.8782241640411765,26.533546284509995,23.764617994932447
222,range_033426-033625,33426,33625,75361084,75361083,2.8783345233412234,26.538896342559195,23.77288024762124
223,range_033576-033775,33576,33775,75348217,75348216,2.878502904109216,26.54342794260716,23.776646294190577
224,range_033726-033925,33726,33925,75332335,75332334,2.8787893282888364,26.54902347775392,23.77760699167538
225,range_033876-034075,33876,34075,75325673,75325672,2.878795059443995,26.5513719678465,23.782790361395737
226,range_034026-034225,34026,34225,75313004,75313003,2.879012185002915,26.555838332459004,23.785664445024562
227,range_034176-034375,34176,34375,75293681,75293680,2.8791966996039893,26.56265351886108,23.795521913237067
228,range_034326-034525,34326,34525,75280952,75280951,2.8793358764760146,26.567145173285603,23.800742730759552
229,range_034476-034675,34476,34675,75276180,75276179,2.879455907582245,26.568829403522194,23.79866116572331
230,range_034626-034825,34626,34825,75267228,75267227,2.8795104392062973,26.571988576116933,23.807000099683307
231,range_034776-034975,34776,34975,75255228,75255227,2.879644816999691,26.57622665864791,23.808245228096844
232,range_034926-035125,34926,35125,75239100,75239099,2.8799312349090087,26.581923209899152,23.812192414193866
233,range_035076-035275,35076,35275,75229084,75229083,2.8800118446509737,26.5854627790691,23.817498348696557
234,range_035226-035425,35226,35425,75210919,75210918,2.8802214691619703,26.591883322046407,23.82300213936904
235,range_035376-035575,35376,35575,75197475,75197474,2.8803949202567027,26.596637780678645,23.826503594946463
236,range_035526-035725,35526,35725,75191959,75191958,2.8804668175795234,26.598588934204905,23.823873433479733
237,range_035676-035875,35676,35875,75174703,75174702,2.8806559256022806,26.604694488845464,23.834045255467807
238,range_035826-036025,35826,36025,75172423,75172422,2.8806875141591757,26.605500751326066,23.833334979032283
239,range_035976-036175,35976,36175,75147885,75147884,2.8809730766486723,26.6141890834877,23.843776301242862
240,range_036126-036325,36126,36325,75139471,75139470,2.8810890636292377,26.61716871306119,23.84535204163387
241,range_036276-036475,36276,36475,75129468,75129467,2.8812165623865047,26.62071312179015,23.85293926834943
242,range_036426-036625,36426,36625,75118288,75118287,2.881332204680951,26.62467414891929,23.85440154820441
243,range_036576-036775,36576,36775,75113960,75113959,2.8814198672060063,26.626208958044668,23.854147507301565
244,range_036726-036925,36726,36925,75098472,75098471,2.881538579170984,26.631700504261932,23.861119340662228
245,range_036876-037075,36876,37075,75088142,75088141,2.8817041570887523,26.635363552281845,23.86266970916859
246,range_037026-037225,37026,37225,75078044,75078043,2.881815427455661,26.638946302849156,23.867201291186355
247,range_037176-037375,37176,37375,75060897,75060896,2.8819596232155584,26.645031975104587,23.87502619974225
248,range_037326-037525,37326,37525,75043797,75043796,2.8821148526172378,26.65110349694997,23.885018503107936
249,range_037476-037675,37476,37675,75038506,75038505,2.882309701453762,26.652982118980116,23.878379238479287
250,range_037626-037825,37626,37825,75032310,75032309,2.8823423123652634,26.655182982573546,23.884265055199542
251,range_037776-037975,37776,37975,75019812,75019811,2.8823700348712724,26.659624135816603,23.893997740583004
252,range_037926-038125,37926,38125,75004116,75004115,2.8826446740228824,26.665202622549444,23.89667258811092
253,range_038076-038275,38076,38275,74999107,74999106,2.882738232296521,26.666984110450596,23.898295295784155
254,range_038226-038425,38226,38425,74977686,74977685,2.883070281307886,26.674602183302937,23.901286154078115
255,range_038376-038575,38376,38575,74968759,74968758,2.8830892912052226,26.67777889557674,23.906318338716794
256,range_038526-038725,38526,38725,74967593,74967592,2.8831069056147998,26.678193772050193,23.907944495804465
257,range_038676-038875,38676,38875,74946038,74946037,2.8833537136219283,26.685866765710372,23.914539830130728
258,range_038826-039025,38826,39025,74943842,74943841,2.8833694036487736,26.686647966175098,23.91615661174195
259,range_038976-039175,38976,39175,74929691,74929690,2.8834919248142032,26.6916889153018,23.925546250895884
260,range_039126-039325,39126,39325,74918114,74918113,2.8837605648173397,26.695813040566037,23.924153240223866
261,range_039276-039475,39276,39475,74911616,74911615,2.883796755674468,26.698129335484225,23.92594575430759
262,range_039426-039625,39426,39625,74901673,74901672,2.883923632313288,26.70167290791586,23.928451430737873
263,range_039576-039775,39576,39775,74885416,74885415,2.8841005526848145,26.707469538627784,23.93642884805294
264,range_039726-039925,39726,39925,74873929,74873928,2.884285508870306,26.71156736961897,23.93809260404218
265,range_039876-040075,39876,40075,74863056,74863055,2.8843048907891293,26.715446223774865,23.9484377791779
266,range_040026-040225,40026,40225,74852276,74852275,2.884444501328261,26.71929418310933,23.95154252570485
267,range_040176-040375,40176,40375,74843446,74843445,2.884594794240107,26.722446541577554,23.952772561347512
268,range_040326-040525,40326,40525,74841371,74841370,2.8846517876555207,26.723187322733402,23.95137544462795
269,range_040476-040675,40476,40675,74832025,74832024,2.884793315151543,26.726524863205626,23.955020279713708
270,range_040626-040825,40626,40825,74811159,74811158,2.884970476857942,26.733979816219392,23.9607739869524
271,range_040776-040975,40776,40975,74805559,74805558,2.88508204361168,26.735980687424323,23.963992751257656
272,range_040926-041125,40926,41125,74794899,74794898,2.8852292821839725,26.739791422671637,23.9660637560107
273,range_041076-041275,41076,41275,74787457,74787456,2.885367599584031,26.742452370622154,23.96729821001295
274,range_041226-041425,41226,41425,74775006,74775005,2.8855013572226498,26.746905520099933,23.974246234107195
275,range_041376-041575,41376,41575,74759262,74759261,2.8856847584517924,26.75253801666124,23.978995803425274
276,range_041526-041725,41526,41725,74750307,74750306,2.885770255628573,26.755743234014318,23.98347140409885
277,range_041676-041875,41676,41875,74745272,74745271,2.8857132024813748,26.757545049237965,23.98811962104322
278,range_041826-042025,41826,42025,74730968,74730967,2.8859415445103647,26.762666111359163,23.991036195656264
279,range_041976-042175,41976,42175,74725251,74725250,2.8860498714368656,26.764714310089293,23.994306165396505
280,range_042126-042325,42126,42325,74708878,74708877,2.886155425581538,26.77058007444015,24.001752449522023
281,range_042276-042475,42276,42475,74707986,74707985,2.8862134825722587,26.770899148196808,23.997993888963876
282,range_042426-042625,42426,42625,74694558,74694557,2.8864443672006055,26.7757126399451,24.00004990004885
283,range_042576-042775,42576,42775,74684715,74684714,2.8865111009205586,26.779241063974617,24.004977293898357
284,range_042726-042925,42726,42925,74671068,74671067,2.886683825789548,26.784135011757634,24.011156802570603
285,range_042876-043075,42876,43075,74667171,74667170,2.886651587024076,26.785532838595596,24.016988307778174
286,range_043026-043225,43026,43225,74660807,74660806,2.886779429205502,26.787815684711468,24.016372137991514
287,range_043176-043375,43176,43375,74647521,74647520,2.886902244046723,26.79258394652629,24.01890761391504
288,range_043326-043525,43326,43525,74637308,74637307,2.8870268528160805,26.796250673942456,24.025597698123633
289,range_043476-043675,43476,43675,74622855,74622854,2.8872170737605596,26.80143943569888,24.032348302896466
290,range_043626-043825,43626,43825,74616925,74616924,2.8873340879106952,26.803570246342506,24.03193227193932
291,range_043776-043975,43776,43975,74602507,74602506,2.8874852003538614,26.80875060684959,24.036230245891574
292,range_043926-044125,43926,44125,74594252,74594251,2.887593624855081,26.811716227300145,24.04011292401104
293,range_044076-044275,44076,44275,74585609,74585608,2.8877498818210676,26.814824329111858,24.040194442664625
294,range_044226-044425,44226,44425,74576317,74576316,2.887801533080737,26.818165354266092,24.04695736345105
295,range_044376-044575,44376,44575,74572543,74572542,2.887900707660985,26.81952215065969,24.044037529084292
296,range_044526-044725,44526,44725,74553976,74553975,2.8880614252684906,26.826201553974823,24.054622320611372
297,range_044676-044875,44676,44875,74550341,74550340,2.8881460712603295,26.827509277623683,24.054855043929297
298,range_044826-045025,44826,45025,74545029,74545028,2.888194679687234,26.829421138590224,24.0573617876572
299,range_044976-045175,44976,45175,74536927,74536926,2.888281596823814,26.832337437688267,24.059444079731993
300,range_045126-045325,45126,45325,74520556,74520555,2.8884834093374057,26.838232297115876,24.067070157844075
301,range_045276-045475,45276,45475,74509059,74509058,2.888601337258524,26.84237371515286,24.069401455927125
302,range_045426-045625,45426,45625,74502964,74502963,2.8886507025659656,26.844568503939904,24.072118606202906
303,range_045576-045775,45576,45775,74491352,74491351,2.8888498342319546,26.848754266787296,24.074418607776003
304,range_045726-045925,45726,45925,74486391,74486390,2.8888872010494957,26.850542146021574,24.07770629035088
305,range_045876-046075,45876,46075,74476649,74476648,2.8889504045014514,26.854054333916853,24.084187169604224
306,range_046026-046225,46026,46225,74466790,74466789,2.8891216654058964,26.857609235709088,24.08630301424486
307,range_046176-046375,46176,46375,74456330,74456329,2.889292845477449,26.861382274165035,24.0858725644759
308,range_046326-046525,46326,46525,74454375,74454374,2.8891469749087784,26.862088451646912,24.091448607435634
309,range_046476-046675,46476,46675,74437512,74437511,2.8894022355889475,26.868173574476447,24.096383860194226
310,range_046626-046825,46626,46825,74435365,74435364,2.8895696348391637,26.86894753413176,24.091537370232007
311,range_046776-046975,46776,46975,74421156,74421155,2.8896821572848674,26.874078103195256,24.096663155126457
312,range_046926-047125,46926,47125,74415966,74415965,2.889752197506602,26.875953137206512,24.099635291794357
313,range_047076-047275,47076,47275,74403646,74403645,2.889828553423494,26.88040291574425,24.10893104978297
314,range_047226-047425,47226,47425,74399455,74399454,2.8898840989276295,26.88191717105881,24.112431721635456
315,range_047376-047575,47376,47575,74383643,74383642,2.890139575662568,26.88763155748679,24.115333503850714
316,range_047526-047725,47526,47725,74375462,74375461,2.8901717035465064,26.890589545387826,24.119896218090606
317,range_047676-047875,47676,47875,74366916,74366915,2.8903952267169926,26.893678781753955,24.11735132396227
318,range_047826-048025,47826,48025,74360866,74360865,2.8904713505925357,26.895866851468174,24.118061765488946
319,range_047976-048175,47976,48175,74354248,74354247,2.890500291226925,26.898261104036195,24.12339673499008
320,range_048126-048325,48126,48325,74344644,74344643,2.890546285947637,26.901735609921484,24.128898064573423
321,range_048276-048475,48276,48475,74330721,74330720,2.8907782139145595,26.90677439960221,24.133325313632625
322,range_048426-048625,48426,48625,74328087,74328086,2.890776741922135,26.907727423520633,24.138613971201544
323,range_048576-048775,48576,48775,74323128,74323127,2.8908157417475135,26.90952335737973,24.137439919461674
324,range_048726-048925,48726,48925,74309788,74309787,2.8910146311530895,26.914354928779435,24.140155540398922
325,range_048876-049075,48876,49075,74304200,74304199,2.891102822733973,26.916377929058896,24.140855902301286
326,range_049026-049225,49026,49225,74299753,74299752,2.8911549503651788,26.91798957821555,24.143932621309688
327,range_049176-049375,49176,49375,74281801,74281800,2.8913238134890493,26.924495179169057,24.151955579220008
328,range_049326-049525,49326,49525,74276387,74276386,2.891415931532526,26.926457730455546,24.151871728526185
329,range_049476-049675,49476,49675,74270727,74270726,2.8914669198914416,26.928509652645648,24.153399743090166
330,range_049626-049825,49626,49825,74259829,74259828,2.89161444662315,26.93246165342586,24.158939713503756
331,range_049776-049975,49776,49975,74251052,74251051,2.8916972437220982,26.935644587710954,24.160908601858214
332,range_049926-050125,49926,50125,74244341,74244340,2.8917676389907654,26.938080047583426,24.16412851655726
333,range_050076-050275,50076,50275,74235189,74235188,2.8919522333443863,26.941400781526948,24.16443909842494
334,range_050226-050425,50226,50425,74228888,74228887,2.8920102080787085,26.943687920310595,24.169694735867704
335,range_050376-050575,50376,50575,74220216,74220215,2.8921041924210846,26.946835791300256,24.169583221803652
336,range_050526-050725,50526,50725,74209501,74209500,2.892237353352183,26.9507265511828,24.173356256002123
337,range_050676-050875,50676,50875,74202659,74202658,2.892303311385124,26.95321154129007,24.180165717457268
338,range_050826-051025,50826,51025,74196554,74196553,2.892358851317382,26.95542832023477,24.182479443956503
339,range_050976-051175,50976,51175,74181624,74181623,2.8926551378690673,26.960854577150464,24.182111206619947
340,range_051126-051325,51126,51325,74177694,74177693,2.8925830914877895,26.96228204347094,24.188430542895063
341,range_051276-051475,51276,51475,74174217,74174216,2.892589407442569,26.963546874563527,24.19589442956906
342,range_051426-051625,51426,51625,74158752,74158751,2.8927577108239277,26.969170421977577,24.196784208178695
343,range_051576-051775,51576,51775,74157820,74157819,2.892891668728845,26.969509095190624,24.192854676293788
344,range_051726-051925,51726,51925,74144575,74144574,2.89302022885104,26.974326887359283,24.195769474791607
345,range_051876-052075,51876,52075,74135285,74135284,2.893169079932303,26.977706836598887,24.20265188320697
346,range_052026-052225,52026,52225,74127652,74127651,2.8932374732257,26.980485136376437,24.203680150848342
347,range_052176-052375,52176,52375,74123122,74123121,2.893226583427345,26.98213306479634,24.209135772102137
348,range_052326-052525,52326,52525,74116733,74116732,2.8932935359331418,26.984459406548037,24.210003232791475
349,range_052476-052675,52476,52675,74109733,74109732,2.8933633927953117,26.98700866979252,24.21588625976606
350,range_052626-052825,52626,52825,74102466,74102465,2.893589668861105,26.989654878552287,24.21200286634463
351,range_052776-052975,52776,52975,74091409,74091408,2.8936478891116773,26.99368253333774,24.21745128948973
352,range_052926-053125,52926,53125,74085373,74085372,2.893652653782699,26.995881967090614,24.222269190579407
353,range_053076-053275,53076,53275,74078365,74078364,2.8937279196542463,26.998436250562985,24.226124721083316
354,range_053226-053425,53226,53425,74075073,74075072,2.89373121532011,26.999636071902838,24.229200597004635
355,range_053376-053575,53376,53575,74055139,74055138,2.8940857252882193,27.006903369756735,24.23208845666455
356,range_053526-053725,53526,53725,74058485,74058484,2.894125312826991,27.00568334615113,24.227102634811224
357,range_053676-053875,53676,53875,74048720,74048719,2.894244013455913,27.00924317137748,24.233291289818904
358,range_053826-054025,53826,54025,74028145,74028144,2.8944541634243417,27.016751547897783,24.241615258905384
359,range_053976-054175,53976,54175,74027724,74027723,2.8944222575069323,27.016905112696765,24.241544410920635
360,range_054126-054325,54126,54325,74019453,74019452,2.8945771121061887,27.019922952145066,24.24066725599469
361,range_054276-054475,54276,54475,74016707,74016706,2.8944505537337255,27.020925870437953,24.250745804707755
362,range_054426-054625,54426,54625,74012410,74012409,2.89466149512687,27.02249429551739,24.24655701042428
363,range_054576-054775,54576,54775,73997219,73997218,2.894760040999443,27.02804267587465,24.25377872787441
364,range_054726-054925,54726,54925,73988834,73988833,2.894959153094296,27.031105653470707,24.251644207483224
365,range_054876-055075,54876,55075,73985665,73985664,2.8949603287524304,27.032263385512092,24.251802672432557
366,range_055026-055225,55026,55225,73975042,73975041,2.8950306371192576,27.0361450154519,24.261470448446012
367,range_055176-055375,55176,55375,73967452,73967451,2.8950843386118637,27.038919267340983,24.267006912149174
368,range_055326-055525,55326,55525,73959863,73959862,2.895205641074676,27.0416939123007,24.269767455360746
369,range_055476-055675,55476,55675,73955529,73955528,2.895347665362558,27.043279063601574,24.267779103259116
370,range_055626-055825,55626,55825,73947378,73947377,2.895422010103631,27.046259801750644,24.270033164850258
371,range_055776-055975,55776,55975,73944236,73944235,2.8954572588004193,27.047409145554077,24.266472139438758
372,range_055926-056125,55926,56125,73933899,73933898,2.895564038299107,27.051190294335623,24.27365842598663
373,range_056076-056275,56076,56275,73928262,73928261,2.8956861753161993,27.05325182747096,24.27533255505838
374,range_056226-056425,56226,56425,73914926,73914925,2.895841590354884,27.058134064263747,24.283064379497134
375,range_056376-056575,56376,56575,73913296,73913295,2.895834358130483,27.058729474852935,24.282953066350768
376,range_056526-056725,56526,56725,73903938,73903937,2.8959110054744657,27.06215702689831,24.285213911009667
377,range_056676-056875,56676,56875,73891990,73891989,2.896035015838127,27.066532746871925,24.28946618701596
378,range_056826-057025,56826,57025,73888332,73888331,2.8960644794136186,27.067872895924527,24.29407680041796
379,range_056976-057175,56976,57175,73880728,73880727,2.8960871051037507,27.07065892841038,24.299905417837834
380,range_057126-057325,57126,57325,73868012,73868011,2.8963215022989783,27.075318841331736,24.301747374873486
381,range_057276-057475,57276,57475,73873272,73873271,2.896264918215076,27.073390861493056,24.300148409815556
382,range_057426-057625,57426,57625,73856879,73856878,2.896521096413194,27.079399538117492,24.301363414274782
383,range_057576-057775,57576,57775,73853325,73853324,2.8965955403967416,27.080702664107577,24.30035142989659
384,range_057726-057925,57726,57925,73849788,73849787,2.896473744811373,27.08200065627813,24.31011826093754
385,range_057876-058075,57876,58075,73835538,73835537,2.896640635171022,27.08722684579378,24.316723030594318
386,range_058026-058225,58026,58225,73840491,73840490,2.8967248288250156,27.08541056539576,24.309370721205372
387,range_058176-058375,58176,58375,73827398,73827397,2.8967818764645674,27.09021305464691,24.313860551637728
388,range_058326-058525,58326,58525,73810449,73810448,2.897143653334541,27.096432987373277,24.318152141730533
389,range_058476-058675,58476,58675,73805677,73805676,2.897182204437443,27.098185971496285,24.317975305916086
390,range_058626-058825,58626,58825,73803185,73803184,2.8971369229026687,27.099101361263763,24.324460532317264
391,range_058776-058975,58776,58975,73802772,73802771,2.8970979086148527,27.0992531432187,24.322803280679512
392,range_058926-059125,58926,59125,73788455,73788454,2.897282955222646,27.10451052409907,24.330162783972906
393,range_059076-059275,59076,59275,73784956,73784955,2.8973283747064316,27.105795537857276,24.32928578509335
394,range_059226-059425,59226,59425,73773851,73773850,2.8975200327503923,27.109876331518553,24.330112803845285
395,range_059376-059575,59376,59575,73765303,73765302,2.897618316607212,27.11301768953647,24.333384898136078
396,range_059526-059725,59526,59725,73769610,73769609,2.8976036613318246,27.111434683082027,24.333855033209904
397,range_059676-059875,59676,59875,73756533,73756532,2.897752642778633,27.116241229997094,24.336334145689523
398,range_059826-060025,59826,60025,73753310,73753309,2.897707664472269,27.117426771997444,24.341115774054266
399,range_059976-060175,59976,60175,73746283,73746282,2.897824114846827,27.12001030777389,24.340218349834245
400,range_060126-060325,60126,60325,73735610,73735609,2.8979577953208753,27.123935926263254,24.346831725399067
401,range_060276-060475,60276,60475,73728557,73728556,2.898086331972628,27.126530865462765,24.346777603921357
402,range_060426-060625,60426,60625,73723365,73723364,2.8981305806963844,27.128440802023086,24.349346847387963
403,range_060576-060775,60576,60775,73712927,73712926,2.8982010213335334,27.132281657086846,24.356616577721372
404,range_060726-060925,60726,60925,73699411,73699410,2.8983898776228503,27.137259117813834,24.361634248735058
405,range_060876-061075,60876,61075,73700363,73700362,2.8984587047504506,27.136907685745154,24.3583393787985
406,range_061026-061225,61026,61225,73697779,73697778,2.898431280524887,27.137859895857375,24.360010418997913
407,range_061176-061375,61176,61375,73683778,73683777,2.898543172586454,27.143015537870703,24.367376550645915
408,range_061326-061525,61326,61525,73682726,73682725,2.8986053601280277,27.14340298896383,24.364230763846813
409,range_061476-061675,61476,61675,73676192,73676191,2.89864069825437,27.145811080271507,24.370087736478002
410,range_061626-061825,61626,61825,73669725,73669724,2.8986805483850078,27.148194121101906,24.374252377265126
411,range_061776-061975,61776,61975,73660704,73660703,2.8988291547280554,27.151518741275115,24.374494030629123
412,range_061926-062125,61926,62125,73654634,73654633,2.8989652008283735,27.15375656002522,24.376611923265077
413,range_062076-062275,62076,62275,73646745,73646744,2.8991053069539925,27.15666482146176,24.375134508066512
414,range_062226-062425,62226,62425,73638026,73638025,2.8992891815707837,27.159880184184733,24.375535789925888
415,range_062376-062575,62376,62575,73639284,73639283,2.8992234279477986,27.15941631316535,24.37774913020301
416,range_062526-062725,62526,62725,73628532,73628531,2.899303648746627,27.163382113382106,24.385174869317126
417,range_062676-062875,62676,62875,73622677,73622676,2.89930423221449,27.165542583646374,24.39075551087274
418,range_062826-063025,62826,63025,73618674,73618673,2.8994063208834224,27.16702003036648,24.388518878617933
419,range_062976-063175,62976,63175,73609210,73609209,2.899500144883016,27.17051174941983,24.392127333581133
420,range_063126-063325,63126,63325,73614509,73614508,2.899401706788115,27.168557290364557,24.3935360540765
421,range_063276-063475,63276,63475,73594419,73594418,2.8996625244022938,27.175973617999126,24.3982574979098
422,range_063426-063625,63426,63625,73585545,73585544,2.899740368443368,27.179250451691978,24.403424320696207
423,range_063576-063775,63576,63775,73582913,73582912,2.899794730289427,27.180222467955602,24.40473387248779
424,range_063726-063925,63726,63925,73576215,73576214,2.899917167644749,27.182696842759537,24.405774426295228
425,range_063876-064075,63876,64075,73576282,73576281,2.8999515147492443,27.18267260613512,24.40402799186915
426,range_064026-064225,64026,64225,73571843,73571842,2.900032509302682,27.184312661357588,24.40198116698748
427,range_064176-064375,64176,64375,73564035,73564034,2.900032889172121,27.187197917939084,24.41038887460278
428,range_064326-064525,64326,64525,73550792,73550791,2.9001653404108088,27.19209170707627,24.416941432228306
429,range_064476-064675,64476,64675,73544140,73544139,2.900339591948468,27.19455243061585,24.414938872450115
430,range_064626-064825,64626,64825,73538745,73538744,2.900428557316835,27.19654752330282,24.418175045794662
431,range_064776-064975,64776,64975,73534054,73534053,2.9004450063203313,27.198282787431832,24.423083405698904
432,range_064926-065125,64926,65125,73530004,73530003,2.9004841508354726,27.19977946961324,24.422376803419983
433,range_065076-065275,65076,65275,73524770,73524769,2.900570684896712,27.20171606387502,24.42210085025768
434,range_065226-065425,65226,65425,73519371,73519370,2.900632141956065,27.203714232045243,24.425286272054024
435,range_065376-065575,65376,65575,73506855,73506854,2.9007856021179124,27.208345714264958,24.43037644047331
436,range_065526-065725,65526,65725,73499423,73499422,2.9008620964497474,27.2110978233271,24.43470711948594
437,range_065676-065875,65676,65875,73493688,73493687,2.9009022504020248,27.213221565547528,24.434429570352574
438,range_065826-066025,65826,66025,73485152,73485151,2.9010128025337107,27.216382014374577,24.439970752239542
439,range_065976-066175,65976,66175,73487458,73487457,2.9009222538958754,27.21552819551233,24.43827349358553
440,range_066126-066325,66126,66325,73482690,73482689,2.9010010645751105,27.217294320843376,24.4394788226985
441,range_066276-066475,66276,66475,73472599,73472598,2.901153643173033,27.221032526983734,24.43908775696978
442,range_066426-066625,66426,66625,73466084,73466083,2.9012814132199867,27.223446090082142,24.44280768061464
443,range_066576-066775,66576,66775,73459365,73459364,2.9012547426516404,27.22593601545475,24.452347891623216
444,range_066726-066925,66726,66925,73451826,73451825,2.9013646161162066,27.22873069525502,24.453612657658457
445,range_066876-067075,66876,67075,73446042,73446041,2.901397522721903,27.23087486771411,24.457393894237416
446,range_067026-067225,67026,67225,73442324,73442323,2.90152363705399,27.232252580028003,24.453383014405166
447,range_067176-067375,67176,67375,73437702,73437701,2.9015742216202556,27.233967305158423,24.4575572132815
448,range_067326-067525,67326,67525,73436782,73436781,2.9015267129287072,27.234308186792664,24.461984504097817
449,range_067476-067675,67476,67675,73422107,73422106,2.9017292807013795,27.239752289317334,24.462748393434943
450,range_067626-067825,67626,67825,73425810,73425809,2.901708323282498,27.23837755740628,24.462019312594773
451,range_067776-067975,67776,67975,73410844,73410843,2.90187127091,27.243931444841195,24.469448460971403
452,range_067926-068125,67926,68125,73403170,73403169,2.9020502080140695,27.246778160218124,24.46805103908442
453,range_068076-068275,68076,68275,73398524,73398523,2.90201170520583,27.248504033248736,24.473752760956213
454,range_068226-068425,68226,68425,73392059,73392058,2.9021212892257413,27.250904287218653,24.473332191442207
455,range_068376-068575,68376,68575,73381091,73381090,2.902284775828551,27.254976888459957,24.474537753736264
456,range_068526-068725,68526,68725,73383215,73383214,2.9021506481414066,27.25418870315492,24.475517670030182
457,range_068676-068875,68676,68875,73375174,73375173,2.9022782627501518,27.257175584444617,24.481186826951156
458,range_068826-069025,68826,69025,73373050,73373049,2.9023781540122267,27.257964487750808,24.4799360813069
459,range_068976-069175,68976,69175,73373606,73373605,2.902413866360001,27.257757336579004,24.477378628018716
460,range_069126-069325,69126,69325,73364742,73364741,2.902478658495166,27.26105138161668,24.47999624063263
461,range_069276-069475,69276,69475,73350291,73350290,2.902690463053376,27.26642201414609,24.487962289124038
462,range_069426-069625,69426,69625,73345474,73345473,2.9027682678993636,27.268211577284394,24.489161551461493
463,range_069576-069775,69576,69775,73338601,73338600,2.9028046416033786,27.270767863035292,24.491797474507838
464,range_069726-069925,69726,69925,73336106,73336105,2.9028103761021145,27.271696172028772,24.490801404107554
465,range_069876-070075,69876,70075,73329212,73329211,2.90286519247086,27.27425985805302,24.497325428315794
466,range_070026-070225,70026,70225,73331415,73331414,2.902841526441035,27.273439402109442,24.495897854656864
467,range_070176-070375,70176,70375,73319254,73319253,2.9030995085922524,27.277963893058214,24.49557696153359
468,range_070326-070525,70326,70525,73314546,73314545,2.903090099487342,27.27971613272646,24.49907925357816
469,range_070476-070675,70476,70675,73302210,73302209,2.90316848257321,27.28430699816973,24.51092951903279
470,range_070626-070825,70626,70825,73296084,73296083,2.90330174460591,27.28658646056161,24.510558134281293
471,range_070776-070975,70776,70975,73296938,73296937,2.903313505915924,27.28626941123065,24.502618036145687
472,range_070926-071125,70926,71125,73284255,73284254,2.9034315305105056,27.29099064036321,24.51130755463675
473,range_071076-071275,71076,71275,73277606,73277605,2.9035597579262387,27.293467683612203,24.51435789891912
474,range_071226-071425,71226,71425,73276485,73276484,2.903642089853631,27.293884488234998,24.513577772462828
475,range_071376-071575,71376,71575,73272687,73272686,2.9036093229505204,27.29530016137255,24.51435328200905
476,range_071526-071725,71526,71725,73261479,73261478,2.9037115675036866,27.299475967438166,24.521751719111112
477,range_071676-071875,71676,71875,73263591,73263590,2.9037717993850225,27.298688884888115,24.51791360054052
478,range_071826-072025,71826,72025,73252665,73252664,2.9038114052052397,27.30276102996063,24.52394274967419
479,range_071976-072175,71976,72175,73248709,73248708,2.9039840004391335,27.304235318389505,24.518786104321066
480,range_072126-072325,72126,72325,73249954,73249953,2.9039440410147517,27.30377123927984,24.52378634645396
481,range_072276-072475,72276,72475,73238381,73238380,2.904014629212167,27.30808611550392,24.527935027821925
482,range_072426-072625,72426,72625,73235383,73235382,2.9040830657038237,27.309204012890927,24.5276765204618
483,range_072576-072775,72576,72775,73230452,73230451,2.9041703908745227,27.311042232963988,24.530542518910668
484,range_072726-072925,72726,72925,73227684,73227683,2.9041945143822687,27.31207488839979,24.533412111284278
485,range_072876-073075,72876,73075,73216119,73216118,2.904277862883672,27.316389131693654,24.53894507978882
486,range_073026-073225,73026,73225,73213737,73213736,2.904345284805201,27.317277894410417,24.53542598384232
487,range_073176-073375,73176,73375,73203266,73203265,2.904409457647896,27.321185468981472,24.54277696336084
488,range_073326-073525,73326,73525,73200633,73200632,2.9044488414076874,27.322166835936606,24.543546090296672
489,range_073476-073675,73476,73675,73196287,73196286,2.9044733904450157,27.32379033548232,24.550109478334996
490,range_073626-073825,73626,73825,73192962,73192961,2.90452970928865,27.325031132433622,24.54940053161669
491,range_073776-073975,73776,73975,73185048,73185047,2.904703667252167,27.327985811090617,24.547986836253788
492,range_073926-074125,73926,74125,73179984,73179983,2.9048016769412954,27.329877625142384,24.54982495686693
493,range_074076-074275,74076,74275,73178648,73178647,2.9047979969345814,27.330376086346607,24.548533008570672
494,range_074226-074425,74226,74425,73172689,73172688,2.904907884793456,27.332601885555988,24.550166180046304
495,range_074376-074575,74376,74575,73161834,73161833,2.904999514939813,27.33665740714834,24.55659603964555
496,range_074526-074725,74526,74725,73163026,73163025,2.9050196881516532,27.336211809175467,24.55236137667069
497,range_074676-074875,74676,74875,73151899,73151898,2.90516416366829,27.340370389295984,24.557818781306715
498,range_074826-075025,74826,75025,73148616,73148615,2.905133105959954,27.341596911985278,24.560314889361276
499,range_074976-075175,74976,75175,73146149,73146148,2.9050947599214845,27.342518952604312,24.56467079373666
500,range_075126-075325,75126,75325,73134739,73134738,2.9053079226317364,27.34678543594427,24.56627636678009
501,range_075276-075475,75276,75475,73130210,73130209,2.9052522812345085,27.348478355914448,24.570600047645417
502,range_075426-075625,75426,75625,73122919,73122918,2.905407726245544,27.351205049010762,24.574377527387927
503,range_075576-075775,75576,75775,73119914,73119913,2.9054817792547905,27.35232945367427,24.572964210641686
504,range_075726-075925,75726,75925,73114737,73114736,2.905600035390298,27.354265465719525,24.569500240146425
505,range_075876-076075,75876,76075,73108866,73108865,2.905612140394564,27.356463050000844,24.57533769286225
506,range_076026-076225,76026,76225,73107698,73107697,2.9056175899300833,27.356900327471674,24.578836648219536
507,range_076176-076375,76176,76375,73097011,73097010,2.9057659174144157,27.360899303541963,24.580005155941553
508,range_076326-076525,76326,76525,73098716,73098715,2.9057781542025762,27.360261558633418,24.577247738899043
509,range_076476-076675,76476,76675,73089653,73089652,2.905897555372219,27.36365402314407,24.581119675455653
510,range_076626-076825,76626,76825,73086410,73086409,2.905870998785885,27.364868480540615,24.58630293361217
511,range_076776-076975,76776,76975,73078792,73078791,2.905996924384439,27.367720984875078,24.590870365495785
512,range_076926-077125,76926,77125,73074299,73074298,2.906109285194359,27.369403671862848,24.586022913007103
513,range_077076-077275,77076,77275,73070203,73070202,2.906028430578424,27.370938074045558,24.593643895418758
514,range_077226-077425,77226,77425,73057895,73057894,2.9063135671599576,27.37554873946955,24.59352683431034
515,range_077376-077575,77376,77575,73053337,73053336,2.90633689270503,27.37725710431622,24.593117555960134
516,range_077526-077725,77526,77725,73048786,73048785,2.9063497133370815,27.378962675423008,24.59653415575188
517,range_077676-077875,77676,77875,73050822,73050821,2.9062619414550985,27.37819932235943,24.594599559273053
518,range_077826-078025,77826,78025,73043305,73043304,2.9064370171604015,27.381017348284246,24.598641430668863
519,range_077976-078175,77976,78175,73038354,73038353,2.9064531707121724,27.382872475232293,24.603903608167233
520,range_078126-078325,78126,78325,73029360,73029359,2.906716271287396,27.38624538659856,24.60150855996341
521,range_078276-078475,78276,78475,73016202,73016201,2.9067910348724895,27.391181143483486,24.607877018435804
522,range_078426-078625,78426,78625,73015693,73015692,2.906679993590416,27.391371076781688,24.614204290350028
523,range_078576-078775,78576,78775,73014757,73014756,2.9068109268718816,27.391723311381057,24.607275656945834
524,range_078726-078925,78726,78925,73010473,73010472,2.9068782041865218,27.393330123930713,24.61223377973847
525,range_078876-079075,78876,79075,73002800,73002799,2.9069502606073865,27.396209260414796,24.61325275198957
526,range_079026-079225,79026,79225,73004284,73004283,2.9069699216995866,27.395651594852318,24.610965311907083
527,range_079176-079375,79176,79375,73001571,73001570,2.906942515844886,27.39667034558298,24.612293454173606
528,range_079326-079525,79326,79525,72990892,72990891,2.9069758566129607,27.400678668246425,24.620307835826917
529,range_079476-079675,79476,79675,72984722,72984721,2.9072074874465472,27.402994717209374,24.619571234129204
530,range_079626-079825,79626,79825,72983346,72983345,2.907174987635216,27.403512020447952,24.623568523893777
531,range_079776-079975,79776,79975,72968739,72968738,2.907309940090814,27.40899783685446,24.628256854686775
532,range_079926-080125,79926,80125,72977465,72977464,2.907177438969458,27.405718976477452,24.62490537688287
533,range_080076-080275,80076,80275,72962658,72962657,2.9073456869582217,27.411281719085423,24.632788364160323
534,range_080226-080425,80226,80425,72958548,72958547,2.907532596851394,27.412826080541326,24.628513009841033
535,range_080376-080575,80376,80575,72960479,72960478,2.907493500052635,27.41210056217011,24.629800187928684
536,range_080526-080725,80526,80725,72955911,72955910,2.907472318900634,27.41381683814238,24.633769566019733
537,range_080676-080875,80676,80875,72941036,72941035,2.9076080457056475,27.419407744899697,24.641649357799245
538,range_080826-081025,80826,81025,72941960,72941959,2.9076756503737293,27.419059967939717,24.63719392528344
539,range_080976-081175,80976,81175,72939276,72939275,2.907800088732512,27.42006879009971,24.635138277204103
540,range_081126-081325,81126,81325,72935809,72935808,2.90791751160941,27.42137296950217,24.632039263413255
541,range_081276-081475,81276,81475,72927494,72927493,2.9078554048810474,27.42449893348178,24.64010458029976
542,range_081426-081625,81426,81625,72920458,72920457,2.9079159569367623,27.427145444247557,24.64673581238437
543,range_081576-081775,81576,81775,72919999,72919998,2.9079345107156316,27.427317428066853,24.646174077349418
544,range_081726-081925,81726,81925,72917878,72917877,2.9079525128745174,27.428115412630568,24.647650382910598
545,range_081876-082075,81876,82075,72907580,72907579,2.908151407912667,27.431989889555926,24.650819848686346
546,range_082026-082225,82026,82225,72902702,72902701,2.908127730354331,27.43382437915435,24.652414842012746
547,range_082176-082375,82176,82375,72893999,72893998,2.908161138607337,27.437100870774024,24.65923130713615
548,range_082326-082525,82326,82525,72891987,72891986,2.9082304964930783,27.437858202958004,24.660311635528803
549,range_082476-082675,82476,82675,72890280,72890279,2.9083378180314092,27.438499748368365,24.6572791389181
550,range_082626-082825,82626,82825,72883718,72883717,2.908334777324811,27.440971184277004,24.661806571681776
551,range_082776-082975,82776,82975,72871016,72871015,2.90856037100253,27.445753898171997,24.665399979604487
552,range_082926-083125,82926,83125,72874373,72874372,2.908492399612615,27.444489923014363,24.663140207319366
553,range_083076-083275,83076,83275,72866629,72866628,2.908576378227884,27.447406294140578,24.668106827008835
554,range_083226-083425,83226,83425,72860692,72860691,2.908663473053785,27.449643402366306,24.667072111141035
555,range_083376-083575,83376,83575,72859537,72859536,2.9086640995356463,27.450077804503174,24.668293179771513
556,range_083526-083725,83526,83725,72852485,72852484,2.9088215427751956,27.45273517372448,24.671615917176304
557,range_083676-083875,83676,83875,72850067,72850066,2.908785480588318,27.453646507334668,24.673443307900087
558,range_083826-084025,83826,84025,72841958,72841957,2.9089066879448127,27.456702433186962,24.672557511186625
559,range_083976-084175,83976,84175,72837382,72837381,2.9089520451375597,27.458428166163745,24.67419278364856
560,range_084126-084325,84126,84325,72840727,72840726,2.9088937622185482,27.457166420883834,24.679182148673483
561,range_084276-084475,84276,84475,72826083,72826082,2.9091365771554565,27.462687200445576,24.681139030433975
562,range_084426-084625,84426,84625,72824082,72824081,2.909198283004453,27.463441879891352,24.67706953013194
563,range_084576-084775,84576,84775,72824813,72824812,2.909109616148206,27.463167004124912,24.68268259088626
564,range_084726-084925,84726,84925,72812993,72812992,2.909185396344312,27.46762432176939,24.68892471639263
565,range_084876-085075,84876,85075,72814303,72814302,2.9093197753225337,27.46713045467359,24.68125633105463
566,range_085026-085225,85026,85225,72804442,72804441,2.9093910492785295,27.470851098218034,24.688123515161525
567,range_085176-085375,85176,85375,72801391,72801390,2.9095470335091167,27.472002388965375,24.682613278575154
568,range_085326-085525,85326,85525,72791074,72791073,2.909546062253343,27.475895402723353,24.69404401695147
569,range_085476-085675,85476,85675,72791896,72791895,2.909405047711877,27.475586066278396,24.697910079078586
570,range_085626-085825,85626,85825,72791178,72791177,2.909534424461955,27.475857053389863,24.691864752964488
571,range_085776-085975,85776,85975,72791318,72791317,2.9094799972520273,27.47580382423909,24.692311690327248
572,range_085926-086125,85926,86125,72774098,72774097,2.9097568508980163,27.482305386764196,24.699778650173446
573,range_086076-086275,86076,86275,72769161,72769160,2.9098171753728437,27.48416994232172,24.702212198157888
574,range_086226-086425,86226,86425,72766865,72766864,2.9098735233362945,27.485036073562274,24.70264092011026
575,range_086376-086575,86376,86575,72775541,72775540,2.9097379202576055,27.481760410159787,24.701312234041705
576,range_086526-086725,86526,86725,72753805,72753804,2.909992815309826,27.489970476320387,24.70913094107729
577,range_086676-086875,86676,86875,72752611,72752610,2.909845423357726,27.490420618586743,24.71714502139927
578,range_086826-087025,86826,87025,72754604,72754603,2.909909183504127,27.489669457752385,24.710837239484473
579,range_086976-087175,86976,87175,72752060,72752059,2.910046627460126,27.4906297016281,24.70765861775101
580,range_087126-087325,87126,87325,72742649,72742648,2.9101340900238326,27.49418668399314,24.714000101362807
581,range_087276-087475,87276,87475,72741708,72741707,2.910107553259538,27.494542381305404,24.712847836899915
582,range_087426-087625,87426,87625,72729864,72729863,2.910347482287386,27.49902050551092,24.712244447751235
583,range_087576-087775,87576,87775,72722405,72722404,2.910373096264797,27.501839680657422,24.72121003648626
584,range_087726-087925,87726,87925,72725869,72725868,2.9103625101557733,27.50053065024951,24.71864781698732
585,range_087876-088075,87876,88075,72720674,72720673,2.9103821690960787,27.50249390568759,24.71899380377345
586,range_088026-088225,88026,88225,72717210,72717209,2.9104320622681024,27.50380328815975,24.719780080450807
587,range_088176-088375,88176,88375,72710866,72710865,2.910540151626015,27.506204856729457,24.723147688444197
588,range_088326-088525,88326,88525,72701120,72701119,2.910660410831559,27.509892413072762,24.729041469996883
589,range_088476-088675,88476,88675,72699805,72699804,2.9107380081452723,27.510389766662918,24.723541794362205
590,range_088626-088825,88626,88825,72696681,72696680,2.9106648568845372,27.5115724129355,24.72980303794653
591,range_088776-088975,88776,88975,72691458,72691457,2.9106859978944373,27.513547816217248,24.73711472295447
592,range_088926-089125,88926,89125,72685784,72685783,2.910762500389144,27.515695882370835,24.737408470571985
593,range_089076-089275,89076,89275,72683893,72683892,2.910893312187307,27.516412659905445,24.733986636136716
594,range_089226-089425,89226,89425,72675650,72675649,2.9110809482608895,27.519533152019047,24.733118946371125
595,range_089376-089575,89376,89575,72668243,72668242,2.911080873727311,27.522338272611577,24.7354424103756
596,range_089526-089725,89526,89725,72668290,72668289,2.9110308308415918,27.522321049832343,24.741238964712345
597,range_089676-089875,89676,89875,72664990,72664989,2.911105726079374,27.523570807944388,24.74283353083712
598,range_089826-090025,89826,90025,72659925,72659924,2.911112844284871,27.5254894568841,24.74355767913611
599,range_089976-090175,89976,90175,72660878,72660877,2.9111473705438384,27.525128660365606,24.744508054704227
600,range_090126-090325,90126,90325,72655951,72655950,2.9112073786235526,27.526994939850074,24.745235239421298
601,range_090276-090475,90276,90475,72644590,72644589,2.911253929909029,27.531300094491552,24.750476030051605
602,range_090426-090625,90426,90625,72637949,72637948,2.911369086644201,27.533816511446606,24.753119767488243
603,range_090576-090775,90576,90775,72641400,72641399,2.9113533648808225,27.532508893447936,24.74878232488814
604,range_090726-090925,90726,90925,72639944,72639943,2.9114015902734773,27.533060839543886,24.750283310510248
605,range_090876-091075,90876,91075,72626768,72626767,2.91150375995683,27.53805535636744,24.75758645927587
606,range_091026-091225,91026,91225,72622248,72622247,2.911595210957899,27.539769734748088,24.75863246461551
607,range_091176-091375,91176,91375,72619947,72619946,2.9116887908962914,27.540642731956865,24.756547389442733
608,range_091326-091525,91326,91525,72617675,72617674,2.9116985203212136,27.541504400154707,24.757807151462632
609,range_091476-091675,91476,91675,72607424,72607423,2.911800268650916,27.545392514481613,24.760902228963904
610,range_091626-091825,91626,91825,72613728,72613727,2.9117532356661795,27.543000788266934,24.758570464259165
611,range_091776-091975,91776,91975,72614022,72614021,2.911696963817099,27.542889767803935,24.759304591442106
612,range_091926-092125,91926,92125,72595993,72595992,2.9120454604134705,27.549729935503876,24.761230343097605
613,range_092076-092275,92076,92275,72593876,72593875,2.9119986458258316,27.550533264686585,24.7655812609766
614,range_092226-092425,92226,92425,72591366,72591365,2.9120133602489076,27.551486240822168,24.763431929598582
615,range_092376-092575,92376,92575,72583501,72583500,2.9121782418271684,27.55447105747174,24.768293162935755
616,range_092526-092725,92526,92725,72587856,72587855,2.912014628833129,27.552818250380867,24.771894207898576
617,range_092676-092875,92676,92875,72573484,72573483,2.912123889345868,27.558274115078643,24.780131315132152
618,range_092826-093025,92826,93025,72575137,72575136,2.912135813212273,27.557647098312017,24.77862187374348
619,range_092976-093175,92976,93175,72570245,72570244,2.91216303373367,27.559503534258475,24.7811053355602
620,range_093126-093325,93126,93325,72568142,72568141,2.912227220456395,27.56030186855689,24.78042230483049
621,range_093276-093475,93276,93475,72563068,72563067,2.912330126882431,27.562230025365384,24.7767677000551
622,range_093426-093625,93426,93625,72554750,72554749,2.9125144306456376,27.565389110504675,24.781443935674393
623,range_093576-093775,93576,93775,72552850,72552849,2.9125338301772534,27.56611156648032,24.780587012405515
624,range_093726-093925,93726,93925,72546419,72546418,2.9125557123708736,27.568555762463696,24.786261242829248
625,range_093876-094075,93876,94075,72557387,72557386,2.912327986592761,27.56438855170444,24.78488971890308
626,range_094026-094225,94026,94225,72540438,72540437,2.9126198484111168,27.570828860598123,24.78681059556841
627,range_094176-094375,94176,94375,72538720,72538719,2.9126091850473155,27.571481101010345,24.788908773873327
628,range_094326-094525,94326,94525,72537735,72537734,2.9125149451521457,27.571856077004004,24.794855363520643
629,range_094476-094675,94476,94675,72530383,72530382,2.9127412937709205,27.5746506064176,24.79468179757172
630,range_094626-094825,94626,94825,72526288,72526287,2.9127290407105995,27.576207754851698,24.79542663125648
631,range_094776-094975,94776,94975,72519451,72519450,2.9127411435195625,27.578807395808987,24.799435197591098
632,range_094926-095125,94926,95125,72513483,72513482,2.912933805738338,27.581076302472965,24.79562497473435
633,range_095076-095275,95076,95275,72515970,72515969,2.9129720340884684,27.580131625904357,24.792728986424823
634,range_095226-095425,95226,95425,72512493,72512492,2.912976777260224,27.581454351341282,24.798679330487204
635,range_095376-095575,95376,95575,72500053,72500052,2.9130421950181375,27.58618636576978,24.807227374404267
636,range_095526-095725,95526,95725,72497611,72497610,2.913081894764492,27.587115713193857,24.803763172545708
637,range_095676-095875,95676,95875,72494943,72494942,2.9130847570005005,27.588130658825825,24.805526512505505
638,range_095826-096025,95826,96025,72490515,72490514,2.913196711071329,27.589816179258985,24.807423530261723
639,range_095976-096175,95976,96175,72481979,72481978,2.913316525277789,27.593065768707362,24.81109185686186
640,range_096126-096325,96126,96325,72482449,72482448,2.9133124462811355,27.592886101197905,24.812974177455825
641,range_096276-096475,96276,96475,72480362,72480361,2.9133576518002484,27.593678955324187,24.813542156476228
642,range_096426-096625,96426,96625,72472219,72472218,2.9134553917660564,27.59678035519763,24.815450788995484
643,range_096576-096775,96576,96775,72475652,72475651,2.9134222595706114,27.595474623608418,24.815008446427765
644,range_096726-096925,96726,96925,72460962,72460961,2.913603178781353,27.6010685809149,24.818861448875566
645,range_096876-097075,96876,97075,72461076,72461075,2.9135509248984612,27.60102490889074,24.816153511748425
646,range_097026-097225,97026,97225,72460723,72460722,2.913586961287029,27.601159784193154,24.819092004931317
647,range_097176-097375,97176,97375,72451971,72451970,2.913711821643011,27.60449290750824,24.821743480237966
648,range_097326-097525,97326,97525,72453109,72453108,2.9135857555785876,27.604059911411944,24.826399523020495
649,range_097476-097675,97476,97675,72448509,72448508,2.9136920049480746,27.60581322116392,24.82614485458431
650,range_097626-097825,97626,97825,72441172,72441171,2.913858940440943,27.608609308648532,24.82398142838006
651,range_097776-097975,97776,97975,72432379,72432378,2.9138658251968796,27.611959033016976,24.830870902616546
652,range_097926-098125,97926,98125,72432646,72432645,2.913909172632015,27.61185865848196,24.83211770038207
653,range_098076-098275,98076,98275,72431160,72431159,2.91388664244469,27.612425475616096,24.835136972559127
654,range_098226-098425,98226,98425,72425166,72425165,2.9140711419218,27.614710798380646,24.830366461102823
655,range_098376-098575,98376,98575,72424996,72424995,2.9140656037421224,27.614774484968898,24.83087794006337
656,range_098526-098725,98526,98725,72425389,72425388,2.9140194909905834,27.614624915782294,24.831209437621656
657,range_098676-098875,98676,98875,72415405,72415404,2.9140830462678426,27.618432702522796,24.837913765076568
658,range_098826-099025,98826,99025,72409342,72409341,2.9142051990233555,27.62074434567772,24.83986835218048
659,range_098976-099175,98976,99175,72400770,72400769,2.9143542973815357,27.624015512873903,24.839735032890616
660,range_099126-099325,99126,99325,72406021,72406020,2.9143067397334734,27.62201162279048,24.835973550800517
661,range_099276-099475,99276,99475,72401325,72401324,2.9142711335359834,27.623802846478334,24.841619518261133
662,range_099426-099625,99426,99625,72397871,72397870,2.914395888251129,27.62512073904937,24.84157200569243
663,range_099576-099775,99576,99775,72392981,72392980,2.914536934524934,27.626986870826425,24.84257113422693
664,range_099726-099925,99726,99925,72385645,72385644,2.91451409264064,27.629787668947174,24.848569025277673
