subset_order,subset_mask,subset_key,subset_size,n_transitions,observed_mean_percentile,observed_median_percentile,observed_mean_effect,null_mean_effect,null_sd_effect,p_lower,p_upper,p_two_sided,same_sign_as_full,abs_effect_retention_fraction,near_full_retention,directional_p,holm_directional_p,holm_directional_pass,retention_pass,sufficient_subset
1,1,speed,1,664,0.503652108433735,0.5,0.0036521084337349796,-0.0007983734939759024,0.00815002845227319,0.7124575084983004,0.28834233153369326,0.6540691861627674,False,0.06178343949044652,False,0.7124575084983004,0.7124575084983004,False,False,False
2,2,acceleration,1,664,0.47296686746987954,0.5,-0.027033132530120463,0.0009306852409638547,0.008958442750011945,0.0013997200559888023,0.9988002399520096,0.003999200159968006,True,0.4573248407643308,False,0.0013997200559888023,0.009798040391921616,True,False,False
3,4,turn_change,1,664,0.45478162650602405,0.45,-0.04521837349397595,0.0005163704819277114,0.010121279552652521,0.0001999600079984003,1.0,0.0001999600079984003,True,0.7649681528662426,False,0.0001999600079984003,0.0061987602479504095,True,False,False
4,8,density_scale_change,1,664,0.4532756024096386,0.4,-0.0467243975903614,-0.0012825753012048185,0.010191479443654214,0.0001999600079984003,1.0,0.0001999600079984003,True,0.7904458598726105,False,0.0001999600079984003,0.0061987602479504095,True,False,False
5,16,diffusion_step,1,664,0.49149096385542174,0.45,-0.008509036144578264,-0.0016833734939759027,0.009733042870659743,0.24155168966206758,0.7598480303939212,0.395120975804839,True,0.1439490445859864,False,0.24155168966206758,0.6862627474505099,False,False,False
6,3,speed+acceleration,2,664,0.47112198795180715,0.5,-0.028878012048192847,-0.00020145331325301176,0.009765508861600016,0.0015996800639872025,0.9986002799440112,0.0021995600879824036,True,0.4885350318471349,False,0.0015996800639872025,0.009798040391921616,True,False,False
7,5,speed+turn_change,2,664,0.4534262048192771,0.45,-0.04657379518072291,0.00047741716867470013,0.010767630236205573,0.0001999600079984003,1.0,0.0001999600079984003,True,0.7878980891719747,False,0.0001999600079984003,0.0061987602479504095,True,False,False
8,9,speed+density_scale_change,2,664,0.4555722891566265,0.4,-0.04442771084337349,-0.000453667168674699,0.010870148930185123,0.0001999600079984003,1.0,0.0001999600079984003,True,0.7515923566878979,False,0.0001999600079984003,0.0061987602479504095,True,False,False
9,17,speed+diffusion_step,2,664,0.49058734939759036,0.45,-0.009412650602409645,-0.0017466490963855424,0.010218927591982788,0.22875424915016995,0.7724455108978204,0.3629274145170966,True,0.159235668789809,False,0.22875424915016995,0.6862627474505099,False,False,False
10,6,acceleration+turn_change,2,664,0.4545180722891566,0.45,-0.04548192771084342,0.0008841867469879513,0.010661027391166438,0.0001999600079984003,1.0,0.0001999600079984003,True,0.7694267515923573,False,0.0001999600079984003,0.0061987602479504095,True,False,False
11,10,acceleration+density_scale_change,2,664,0.4530496987951807,0.4,-0.0469503012048193,-0.00027273343373493956,0.010973997100511841,0.0001999600079984003,1.0,0.0001999600079984003,True,0.794267515923567,False,0.0001999600079984003,0.0061987602479504095,True,False,False
12,18,acceleration+diffusion_step,2,664,0.4660391566265061,0.45,-0.03396084337349392,-0.0018038554216867491,0.01050540496778495,0.0015996800639872025,0.9986002799440112,0.0015996800639872025,True,0.5745222929936296,False,0.0015996800639872025,0.009798040391921616,True,False,False
13,12,turn_change+density_scale_change,2,664,0.4430722891566265,0.4,-0.0569277108433735,-0.0006760090361445777,0.011289850521765494,0.0001999600079984003,1.0,0.0001999600079984003,True,0.9630573248407642,True,0.0001999600079984003,0.0061987602479504095,True,True,True
14,20,turn_change+diffusion_step,2,664,0.45346385542168677,0.425,-0.04653614457831323,-0.0016979141566265052,0.011189363322104224,0.0001999600079984003,1.0,0.0001999600079984003,True,0.7872611464968148,False,0.0001999600079984003,0.0061987602479504095,True,False,False
15,24,density_scale_change+diffusion_step,2,664,0.4517319277108434,0.4,-0.04826807228915658,-0.0015743975903614457,0.011016006467960207,0.0001999600079984003,1.0,0.0001999600079984003,True,0.8165605095541392,False,0.0001999600079984003,0.0061987602479504095,True,False,False
16,7,speed+acceleration+turn_change,3,664,0.45256024096385544,0.45,-0.04743975903614456,0.0007829292168674712,0.011018446705249813,0.0001999600079984003,1.0,0.0001999600079984003,True,0.8025477707006364,False,0.0001999600079984003,0.0061987602479504095,True,False,False
17,11,speed+acceleration+density_scale_change,3,664,0.45421686746987955,0.4,-0.04578313253012045,-0.000515256024096387,0.01123776817584928,0.0001999600079984003,1.0,0.0001999600079984003,True,0.7745222929936298,False,0.0001999600079984003,0.0061987602479504095,True,False,False
18,19,speed+acceleration+diffusion_step,3,664,0.4666792168674699,0.45,-0.03332078313253012,-0.002059540662650604,0.010384421888042077,0.001999600079984003,0.9982003599280144,0.002599480103979204,True,0.5636942675159234,False,0.001999600079984003,0.009798040391921616,True,False,False
19,13,speed+turn_change+density_scale_change,3,664,0.4440512048192771,0.4,-0.05594879518072288,-0.00045329066265060314,0.011187232705129717,0.0001999600079984003,1.0,0.0001999600079984003,True,0.9464968152866238,False,0.0001999600079984003,0.0061987602479504095,True,True,True
20,21,speed+turn_change+diffusion_step,3,664,0.4538780120481928,0.425,-0.04612198795180722,-0.0009878012048192767,0.011072253123220665,0.0001999600079984003,1.0,0.0001999600079984003,True,0.7802547770700634,False,0.0001999600079984003,0.0061987602479504095,True,False,False
21,25,speed+density_scale_change+diffusion_step,3,664,0.4553840361445783,0.4,-0.044615963855421714,-0.0006750828313252999,0.010943474052288852,0.0001999600079984003,1.0,0.0001999600079984003,True,0.7547770700636945,False,0.0001999600079984003,0.0061987602479504095,True,False,False
22,14,acceleration+turn_change+density_scale_change,3,664,0.4457831325301205,0.4,-0.054216867469879526,-0.0002721009036144584,0.011295811796564902,0.0001999600079984003,1.0,0.0001999600079984003,True,0.9171974522292993,False,0.0001999600079984003,0.0061987602479504095,True,True,True
23,22,acceleration+turn_change+diffusion_step,3,664,0.4519201807228915,0.425,-0.048079819277108526,-0.0012209111445783145,0.011018084121173725,0.0001999600079984003,1.0,0.0001999600079984003,True,0.8133757961783453,False,0.0001999600079984003,0.0061987602479504095,True,False,False
24,26,acceleration+density_scale_change+diffusion_step,3,664,0.4484563253012048,0.4,-0.05154367469879523,-0.0013312048192771092,0.011185146133169586,0.0001999600079984003,1.0,0.0001999600079984003,True,0.8719745222929942,False,0.0001999600079984003,0.0061987602479504095,True,False,False
25,28,turn_change+density_scale_change+diffusion_step,3,664,0.4400225903614457,0.4,-0.0599774096385543,-0.0014931701807228903,0.011325701839072489,0.0001999600079984003,1.0,0.0001999600079984003,True,1.0146496815286636,True,0.0001999600079984003,0.0061987602479504095,True,True,True
26,15,speed+acceleration+turn_change+density_scale_change,4,664,0.44695030120481927,0.4,-0.05304969879518073,6.16716867469879e-05,0.01138329574474021,0.0001999600079984003,1.0,0.0001999600079984003,True,0.8974522292993631,False,0.0001999600079984003,0.0061987602479504095,True,False,False
27,23,speed+acceleration+turn_change+diffusion_step,4,664,0.45154367469879514,0.45,-0.04845632530120486,-0.0011656400602409647,0.011011448876373993,0.0001999600079984003,1.0,0.0001999600079984003,True,0.8197452229299368,False,0.0001999600079984003,0.0061987602479504095,True,False,False
28,27,speed+acceleration+density_scale_change+diffusion_step,4,664,0.44966114457831324,0.4,-0.05033885542168676,-0.0014457906626506019,0.011213599234370817,0.0001999600079984003,1.0,0.0001999600079984003,True,0.851592356687898,False,0.0001999600079984003,0.0061987602479504095,True,False,False
29,29,speed+turn_change+density_scale_change+diffusion_step,4,664,0.4397590361445783,0.4,-0.060240963855421714,-0.0010571234939759026,0.011398408941626768,0.0001999600079984003,1.0,0.0001999600079984003,True,1.0191082802547773,True,0.0001999600079984003,0.0061987602479504095,True,True,True
30,30,acceleration+turn_change+density_scale_change+diffusion_step,4,664,0.44066265060240967,0.4,-0.05933734939759033,-0.001278832831325299,0.011365296196789044,0.0001999600079984003,1.0,0.0001999600079984003,True,1.0038216560509547,True,0.0001999600079984003,0.0061987602479504095,True,True,True
31,31,speed+acceleration+turn_change+density_scale_change+diffusion_step,5,664,0.44088855421686746,0.4,-0.059111445783132543,-0.0011823644578313243,0.011219946449212105,0.0001999600079984003,1.0,0.0001999600079984003,True,1.0,True,0.0001999600079984003,0.0061987602479504095,True,True,True
