subset_order,subset_mask,subset_key,subset_size,channels,is_full
1,1,speed,1,speed,False
2,2,acceleration,1,acceleration,False
3,4,turn_change,1,turn_change,False
4,8,density_scale_change,1,density_scale_change,False
5,16,diffusion_step,1,diffusion_step,False
6,3,speed+acceleration,2,speed|acceleration,False
7,5,speed+turn_change,2,speed|turn_change,False
8,9,speed+density_scale_change,2,speed|density_scale_change,False
9,17,speed+diffusion_step,2,speed|diffusion_step,False
10,6,acceleration+turn_change,2,acceleration|turn_change,False
11,10,acceleration+density_scale_change,2,acceleration|density_scale_change,False
12,18,acceleration+diffusion_step,2,acceleration|diffusion_step,False
13,12,turn_change+density_scale_change,2,turn_change|density_scale_change,False
14,20,turn_change+diffusion_step,2,turn_change|diffusion_step,False
15,24,density_scale_change+diffusion_step,2,density_scale_change|diffusion_step,False
16,7,speed+acceleration+turn_change,3,speed|acceleration|turn_change,False
17,11,speed+acceleration+density_scale_change,3,speed|acceleration|density_scale_change,False
18,19,speed+acceleration+diffusion_step,3,speed|acceleration|diffusion_step,False
19,13,speed+turn_change+density_scale_change,3,speed|turn_change|density_scale_change,False
20,21,speed+turn_change+diffusion_step,3,speed|turn_change|diffusion_step,False
21,25,speed+density_scale_change+diffusion_step,3,speed|density_scale_change|diffusion_step,False
22,14,acceleration+turn_change+density_scale_change,3,acceleration|turn_change|density_scale_change,False
23,22,acceleration+turn_change+diffusion_step,3,acceleration|turn_change|diffusion_step,False
24,26,acceleration+density_scale_change+diffusion_step,3,acceleration|density_scale_change|diffusion_step,False
25,28,turn_change+density_scale_change+diffusion_step,3,turn_change|density_scale_change|diffusion_step,False
26,15,speed+acceleration+turn_change+density_scale_change,4,speed|acceleration|turn_change|density_scale_change,False
27,23,speed+acceleration+turn_change+diffusion_step,4,speed|acceleration|turn_change|diffusion_step,False
28,27,speed+acceleration+density_scale_change+diffusion_step,4,speed|acceleration|density_scale_change|diffusion_step,False
29,29,speed+turn_change+density_scale_change+diffusion_step,4,speed|turn_change|density_scale_change|diffusion_step,False
30,30,acceleration+turn_change+density_scale_change+diffusion_step,4,acceleration|turn_change|density_scale_change|diffusion_step,False
31,31,speed+acceleration+turn_change+density_scale_change+diffusion_step,5,speed|acceleration|turn_change|density_scale_change|diffusion_step,True
