config_id,source_i,dest_j,max_abs_error,speed_abs_error,acceleration_abs_error,turn_change_abs_error,density_scale_change_abs_error,diffusion_step_abs_error,pass_
d119_knn10,1,224,2.220446049250313e-16,0.0,0.0,2.220446049250313e-16,0.0,0.0,True
d119_knn10,166,399,0.0,0.0,0.0,0.0,0.0,0.0,True
d119_knn10,332,162,2.220446049250313e-16,0.0,0.0,2.220446049250313e-16,0.0,0.0,True
d119_knn10,498,410,0.0,0.0,0.0,0.0,0.0,0.0,True
d119_knn10,664,297,0.0,0.0,0.0,0.0,0.0,0.0,True
d119_knn20,1,224,2.220446049250313e-16,0.0,0.0,2.220446049250313e-16,0.0,0.0,True
d119_knn20,166,399,0.0,0.0,0.0,0.0,0.0,0.0,True
d119_knn20,332,162,2.220446049250313e-16,0.0,0.0,2.220446049250313e-16,0.0,0.0,True
d119_knn20,498,410,0.0,0.0,0.0,0.0,0.0,0.0,True
d119_knn20,664,297,0.0,0.0,0.0,0.0,0.0,0.0,True
d119_knn30,1,224,2.220446049250313e-16,0.0,0.0,2.220446049250313e-16,0.0,0.0,True
d119_knn30,166,399,0.0,0.0,0.0,0.0,0.0,0.0,True
d119_knn30,332,162,2.220446049250313e-16,0.0,0.0,2.220446049250313e-16,0.0,0.0,True
d119_knn30,498,410,0.0,0.0,0.0,0.0,0.0,0.0,True
d119_knn30,664,297,0.0,0.0,0.0,0.0,0.0,0.0,True
d128_knn10,1,224,2.220446049250313e-16,0.0,0.0,2.220446049250313e-16,0.0,0.0,True
d128_knn10,166,399,2.220446049250313e-16,0.0,0.0,2.220446049250313e-16,0.0,0.0,True
d128_knn10,332,162,2.220446049250313e-16,0.0,0.0,2.220446049250313e-16,0.0,0.0,True
d128_knn10,498,410,0.0,0.0,0.0,0.0,0.0,0.0,True
d128_knn10,664,297,2.220446049250313e-16,0.0,0.0,2.220446049250313e-16,0.0,0.0,True
d128_knn20,1,224,2.220446049250313e-16,0.0,0.0,2.220446049250313e-16,0.0,0.0,True
d128_knn20,166,399,2.220446049250313e-16,0.0,0.0,2.220446049250313e-16,0.0,0.0,True
d128_knn20,332,162,2.220446049250313e-16,0.0,0.0,2.220446049250313e-16,0.0,0.0,True
d128_knn20,498,410,0.0,0.0,0.0,0.0,0.0,0.0,True
d128_knn20,664,297,2.220446049250313e-16,0.0,0.0,2.220446049250313e-16,0.0,0.0,True
d128_knn30,1,224,2.220446049250313e-16,0.0,0.0,2.220446049250313e-16,0.0,0.0,True
d128_knn30,166,399,2.220446049250313e-16,0.0,0.0,2.220446049250313e-16,0.0,0.0,True
d128_knn30,332,162,2.220446049250313e-16,0.0,0.0,2.220446049250313e-16,0.0,0.0,True
d128_knn30,498,410,0.0,0.0,0.0,0.0,0.0,0.0,True
d128_knn30,664,297,2.220446049250313e-16,0.0,0.0,2.220446049250313e-16,0.0,0.0,True
d162_knn10,1,224,0.0,0.0,0.0,0.0,0.0,0.0,True
d162_knn10,166,399,0.0,0.0,0.0,0.0,0.0,0.0,True
d162_knn10,332,162,0.0,0.0,0.0,0.0,0.0,0.0,True
d162_knn10,498,410,0.0,0.0,0.0,0.0,0.0,0.0,True
d162_knn10,664,297,0.0,0.0,0.0,0.0,0.0,0.0,True
d162_knn20,1,224,0.0,0.0,0.0,0.0,0.0,0.0,True
d162_knn20,166,399,0.0,0.0,0.0,0.0,0.0,0.0,True
d162_knn20,332,162,0.0,0.0,0.0,0.0,0.0,0.0,True
d162_knn20,498,410,0.0,0.0,0.0,0.0,0.0,0.0,True
d162_knn20,664,297,0.0,0.0,0.0,0.0,0.0,0.0,True
d162_knn30,1,224,0.0,0.0,0.0,0.0,0.0,0.0,True
d162_knn30,166,399,0.0,0.0,0.0,0.0,0.0,0.0,True
d162_knn30,332,162,0.0,0.0,0.0,0.0,0.0,0.0,True
d162_knn30,498,410,0.0,0.0,0.0,0.0,0.0,0.0,True
d162_knn30,664,297,0.0,0.0,0.0,0.0,0.0,0.0,True
d66_knn10,1,224,0.0,0.0,0.0,0.0,0.0,0.0,True
d66_knn10,166,399,0.0,0.0,0.0,0.0,0.0,0.0,True
d66_knn10,332,162,0.0,0.0,0.0,0.0,0.0,0.0,True
d66_knn10,498,410,0.0,0.0,0.0,0.0,0.0,0.0,True
d66_knn10,664,297,0.0,0.0,0.0,0.0,0.0,0.0,True
d66_knn20,1,224,0.0,0.0,0.0,0.0,0.0,0.0,True
d66_knn20,166,399,0.0,0.0,0.0,0.0,0.0,0.0,True
d66_knn20,332,162,0.0,0.0,0.0,0.0,0.0,0.0,True
d66_knn20,498,410,0.0,0.0,0.0,0.0,0.0,0.0,True
d66_knn20,664,297,0.0,0.0,0.0,0.0,0.0,0.0,True
d66_knn30,1,224,0.0,0.0,0.0,0.0,0.0,0.0,True
d66_knn30,166,399,0.0,0.0,0.0,0.0,0.0,0.0,True
d66_knn30,332,162,0.0,0.0,0.0,0.0,0.0,0.0,True
d66_knn30,498,410,0.0,0.0,0.0,0.0,0.0,0.0,True
d66_knn30,664,297,0.0,0.0,0.0,0.0,0.0,0.0,True
d96_knn10,1,224,0.0,0.0,0.0,0.0,0.0,0.0,True
d96_knn10,166,399,0.0,0.0,0.0,0.0,0.0,0.0,True
d96_knn10,332,162,0.0,0.0,0.0,0.0,0.0,0.0,True
d96_knn10,498,410,0.0,0.0,0.0,0.0,0.0,0.0,True
d96_knn10,664,297,0.0,0.0,0.0,0.0,0.0,0.0,True
d96_knn20,1,224,0.0,0.0,0.0,0.0,0.0,0.0,True
d96_knn20,166,399,0.0,0.0,0.0,0.0,0.0,0.0,True
d96_knn20,332,162,0.0,0.0,0.0,0.0,0.0,0.0,True
d96_knn20,498,410,0.0,0.0,0.0,0.0,0.0,0.0,True
d96_knn20,664,297,0.0,0.0,0.0,0.0,0.0,0.0,True
d96_knn30,1,224,0.0,0.0,0.0,0.0,0.0,0.0,True
d96_knn30,166,399,0.0,0.0,0.0,0.0,0.0,0.0,True
d96_knn30,332,162,0.0,0.0,0.0,0.0,0.0,0.0,True
d96_knn30,498,410,0.0,0.0,0.0,0.0,0.0,0.0,True
d96_knn30,664,297,0.0,0.0,0.0,0.0,0.0,0.0,True
