config_id,max_abs_error,mean_abs_error,spearman,pass_
d119_knn10,1.1796119636642288e-14,9.56298271564667e-16,1.0,True
d119_knn20,7.66053886991358e-15,4.2941775344440465e-16,1.0,True
d119_knn30,1.2101430968414206e-14,7.903237118629658e-16,1.0,True
d128_knn10,1.1213252548714081e-14,6.237540637508027e-16,1.0,True
d128_knn20,1.4099832412739488e-14,1.466333711720839e-15,0.9999999999999999,True
d128_knn30,6.38378239159465e-15,4.793016508435816e-16,0.9999999999999999,True
d162_knn10,2.0317081350640365e-14,7.461306530849326e-16,1.0,True
d162_knn20,7.216449660063518e-15,6.442515172138437e-16,1.0,True
d162_knn30,4.6074255521944e-15,3.3562122249075455e-16,1.0,True
d66_knn10,6.8833827526759706e-15,5.538305641293188e-16,1.0,True
d66_knn20,1.4988010832439613e-14,1.0255424329301805e-15,0.9999999999999999,True
d66_knn30,2.7755575615628914e-14,1.5912396713563135e-15,1.0,True
d96_knn10,4.2299497238218464e-14,1.1781263621310426e-15,1.0,True
d96_knn20,1.5654144647214707e-14,7.843545675112306e-16,0.9999999999999999,True
d96_knn30,6.661338147750939e-15,4.887929033956484e-16,1.0,True
