config_id,dimension,graph_k,mean_physical_percentile,median_physical_percentile,mean_percentile_effect,same_direction_as_consensus
d119_knn10,119,10,0.44051204819277107,0.45,-0.059487951807228934,True
d119_knn20,119,20,0.4453313253012048,0.4,-0.05466867469879522,True
d119_knn30,119,30,0.44856927710843375,0.42500000000000004,-0.05143072289156625,True
d128_knn10,128,10,0.4409262048192771,0.4,-0.05907379518072292,True
d128_knn20,128,20,0.44668674698795185,0.4,-0.053313253012048145,True
d128_knn30,128,30,0.44676204819277104,0.4,-0.053237951807228956,True
d162_knn10,162,10,0.44318524096385536,0.45,-0.056814759036144635,True
d162_knn20,162,20,0.44973644578313254,0.4,-0.050263554216867457,True
d162_knn30,162,30,0.44638554216867465,0.4,-0.053614457831325346,True
d66_knn10,66,10,0.4412274096385542,0.42500000000000004,-0.058772590361445776,True
d66_knn20,66,20,0.4432981927710844,0.4,-0.0567018072289156,True
d66_knn30,66,30,0.4450677710843373,0.4,-0.054932228915662684,True
d96_knn10,96,10,0.44382530120481933,0.4,-0.056174698795180666,True
d96_knn20,96,20,0.4439006024096386,0.4,-0.05609939759036142,True
d96_knn30,96,30,0.44423945783132535,0.4,-0.055760542168674654,True
