config_id,dimension,graph_k,mean_physical_percentile,median_physical_percentile,mean_percentile_effect,negative_effect
d119_knn10,119,10,0.4651731927710843,0.45,-0.03482680722891568,True
d119_knn20,119,20,0.47006777108433734,0.45,-0.029932228915662662,True
d119_knn30,119,30,0.47255271084337347,0.45,-0.02744728915662653,True
d128_knn10,128,10,0.46185993975903616,0.45,-0.038140060240963836,True
d128_knn20,128,20,0.4698418674698795,0.45,-0.030158132530120507,True
d128_knn30,128,30,0.47307981927710846,0.45,-0.02692018072289154,True
d162_knn10,162,10,0.4575677710843373,0.4,-0.04243222891566267,True
d162_knn20,162,20,0.47206325301204827,0.45,-0.027936746987951733,True
d162_knn30,162,30,0.4711219879518073,0.45,-0.02887801204819268,True
d66_knn10,66,10,0.46566265060240963,0.45,-0.034337349397590367,True
d66_knn20,66,20,0.4637048192771084,0.45,-0.03629518072289162,True
d66_knn30,66,30,0.4653237951807229,0.45,-0.03467620481927708,True
d96_knn10,96,10,0.46193524096385546,0.45,-0.038064759036144535,True
d96_knn20,96,20,0.46442018072289154,0.4,-0.03557981927710846,True
d96_knn30,96,30,0.4691265060240964,0.45,-0.03087349397590361,True
